Assured Markham,http://maps.google.com/?cid=17893648190098365096,43.8299625,-79.3402361,"30 Alden Road, Markham, ON L3R 2S1, Canada"
New Town Auto Body,http://maps.google.com/?cid=10222515207775333558,43.5716703,-79.652535,"3535 Hawkestone Road, Mississauga, ON L5C, Canada"
CMAX Brampton,http://maps.google.com/?cid=15946342471100848151,43.6997347,-79.7403774,"19 Rutherford Road South, Brampton, ON L6W 3J3, Canada"
Quality Collision Centre,http://maps.google.com/?cid=14707435885938720742,43.699526,-79.739038,"12 Clark Blvd, Brampton, ON L6W 1X3, Canada"
Bramgate Collision Centre,http://maps.google.com/?cid=2616999547696678779,43.698537,-79.7474,"268 Queen Street East, Brampton, ON L6V 1B9, Canada"
New Tech Auto Body Repair Limited,http://maps.google.com/?cid=11346885113971614703,43.6947611,-79.7455775,"69 Eastern Av, Brampton, ON L6W 1X9, Canada"
Phoenix Custom Autobody Inc.,http://maps.google.com/?cid=4756159574900409054,43.695895,-79.743717,"79 Eastern Avenue, Brampton, ON L6W 1X9, Canada"
Pfaff Autoworks,http://maps.google.com/?cid=6551890946734346032,43.8140251,-79.536582,"214 Courtland Avenue, Concord, ON L4K 4W9, Canada"
Cheema Auto Service & Collision Centre,http://maps.google.com/?cid=8028856296721829051,43.6879984,-79.7291618,"255 Rutherford Road South #5, Brampton, ON L6W 3J7, Canada"
Collision Linx,http://maps.google.com/?cid=6026126948383608424,43.6839889,-79.718417,"26 Bramsteele Road, Brampton, ON L6W 1B3, Canada"
Collex Collision Experts Of Brampton,http://maps.google.com/?cid=555220881658817180,43.6830187,-79.7200874,"322 Rutherford Road South, Brampton, ON L6W, Canada"
Neels Lube & Auto Collision Centre,http://maps.google.com/?cid=17732088220803456521,43.6905368,-79.7301264,"220 Rutherford Road South, Brampton, ON L6W 3J6, Canada"
Leading Edge Collision & Paint Systems Ltd,http://maps.google.com/?cid=14993545184991092088,43.6909778,-79.7266667,"33 Selby Road, Brampton, ON L6W 1T5, Canada"
Quality Collision East Inc,http://maps.google.com/?cid=3234591109831402671,43.84717,-79.060946,"92 Orchard Road, Ajax, ON L1S 6L1, Canada"
Industrial collision Centre,http://maps.google.com/?cid=12269704491711310997,43.886701,-79.438777,"42 Industrial Road, Richmond Hill, ON L4C 2Y1, Canada"
Direct-Repair Collision Centres,http://maps.google.com/?cid=5229269369098502949,43.706868,-79.361942,"117 Laird Drive, East York, ON M4G 3T7, Canada"
TGF Bumper & Fender,http://maps.google.com/?cid=2152465140085291943,44.073619,-79.430615,"220 Pony Drive, Newmarket, ON L3Y 7B6, Canada"
North West Collision Center Ltd,http://maps.google.com/?cid=11511823116538413931,43.7012721,-79.4444859,"961 Roselawn Av, York, ON M6B 1B6, Canada"
Dufferin Steeles Auto Collision,http://maps.google.com/?cid=12938954529658913137,43.7805265,-79.4872419,"144 Limestone Crescent, North York, ON M3J 2R1, Canada"
Autobody Vigor,http://maps.google.com/?cid=4216863871497147384,43.7927632,-79.5128258,"30 Freshway Dr, Concord, ON L4K 1S4, Canada"
A One Autobody,http://maps.google.com/?cid=3818133680702539070,43.781173,-79.4876941,"144 Limestone Crescent, North York, ON M3J 2S4, Canada"
TS Auto Repairs Inc,http://maps.google.com/?cid=2764407855470986399,43.7622287,-79.4872184,"17 Tangiers Road, North York, ON M3J 2B1, Canada"
Castle Auto Collision & Mechanical Service,http://maps.google.com/?cid=15568261693090973545,43.7003742,-79.4529701,"1117 Castlefield Avenue, York, ON M6B 1E8, Canada"
20 20 Auto Collision Inc,http://maps.google.com/?cid=2142310172943041635,43.6992761,-79.454837,"1173 Roselawn Avenue, York, ON M6B 1C6, Canada"
Ruta Auto Collision,http://maps.google.com/?cid=1814625920031137226,43.6358193,-79.5307187,"367 Olivewood Road, Etobicoke, ON M8Z 2Z8, Canada"
United Auto Body Centre Inc,http://maps.google.com/?cid=12021902154323353918,43.7093707,-79.6836244,"5 Melanie Dr, Brampton, ON L6T 4K8, Canada"
Uni-Body Collision Ltd,http://maps.google.com/?cid=15289516632287655385,43.6683274,-79.644499,"1880 Meyerside Drive, Mississauga, ON L5T 1B4, Canada"
CHANDRO AUTOBODY,http://maps.google.com/?cid=7811071702917790268,43.649614,-79.6187003,"1885 Sismet Road, Unit 5, Mississauga, ON L4W 1W9, Canada"
Fix Auto Mississauga North,http://maps.google.com/?cid=15424634423370760123,43.6845992,-79.6667037,"7090 Tranmere Drive, Mississauga, ON L5S 1L9, Canada"
Royal Auto Collision,http://maps.google.com/?cid=4756934604487295528,43.646097,-79.622416,"1725 Sismet Road, Mississauga, ON L4W 1A6, Canada"
401 Dixie Auto Collision Ltd,http://maps.google.com/?cid=3202990825889057483,43.6398493,-79.6369909,"1232 Aerowood Dr, Mississauga, ON L4W 1B7, Canada"
Heartland B & B Collision Centre,http://maps.google.com/?cid=1318459183837289099,43.60847,-79.695094,"875 Plymouth Drive, Mississauga, ON L5V, Canada"
Woodchester Collision,http://maps.google.com/?cid=11833678242771132620,43.5289034,-79.6793635,"3089 Woodchester Drive, Mississauga, ON L5L 1J2, Canada"
QEW Collision Centre,http://maps.google.com/?cid=8461269534320300978,43.4671265,-79.6751812,"1021 Industry Street, Oakville, ON L6J 2X3, Canada"
Dilawri Collision Centre Oakville,http://maps.google.com/?cid=314723632803957515,43.4665972,-79.6790042,"501 North Service Road East, Oakville, ON L6H 1A5, Canada"
Precision Dent Repair Burlington,http://maps.google.com/?cid=17757041743205185022,43.3644195,-79.7827969,"4055 Harvester Road #7, Burlington, ON L7L 5Z7, Canada"
CWC Automotive,http://maps.google.com/?cid=15379939855583757117,43.3331937,-79.81217,"1425 Grahams Lane, Burlington, ON L7S 1W4, Canada"
SMART REPAIR CENTRE - automedix,http://maps.google.com/?cid=955882339655010738,43.3664946,-79.7816061,"889 Fraser Drive #101, Burlington, ON L7L 4X8, Canada"
Burlington Collision Centre,http://maps.google.com/?cid=11569547932395712103,43.3628058,-79.786153,"3485 Harvester Road, Burlington, ON L7N 3T3, Canada"
CSN CARS West,http://maps.google.com/?cid=17776928548193945088,43.3495062,-79.8157286,"1167 Pettit Road, Burlington, ON L7P 2K3, Canada"
Auto Refinishers Canada,http://maps.google.com/?cid=12536181453297048054,43.3322526,-79.8216548,"1254 Plains Road East #14, Burlington, ON L7S 1W6, Canada"
Waterdown Collision,http://maps.google.com/?cid=5922757862327585457,43.3134797,-79.9155911,"24 Dundas Street East, Waterdown, ON L0R 2H0, Canada"
CARSTAR Ancaster,http://maps.google.com/?cid=3038527370062220557,43.2065797,-79.9557394,"605 Garner Road East, Ancaster, ON L9G 3K9, Canada"
Assured Hamilton Mountain,http://maps.google.com/?cid=16115708095274306491,43.184717,-79.900639,"2179 Upper James Street, Mount Hope, ON L0R 1W0, Canada"
Fix Auto Hamilton Mountain,http://maps.google.com/?cid=14602049893708214847,43.1758484,-79.9053334,"2481 Upper James Street, Mount Hope, ON L0R 1W0, Canada"
Frid & Nagy Collision Service Ltd,http://maps.google.com/?cid=11397682478819272815,43.2690744,-79.9710377,"347 Hatt Street, Dundas, ON L9H 2J2, Canada"
Terry's Auto Body,http://maps.google.com/?cid=9832639790386714003,43.2677063,-79.9735211,"386 Mill Street, Dundas, ON L9H 2M1, Canada"
CSN Dundas Valley Collision - Hamilton Area Auto Body Repair,http://maps.google.com/?cid=9816105500793494563,43.266321,-79.973322,"77 Mercer Street, Dundas, ON L9H 6C7, Canada"
R F K Auto Body,http://maps.google.com/?cid=11416515346308322796,43.2620529,-79.8611964,"241 Mary Street, Hamilton, ON L8L 4W2, Canada"
Td Auto Collision,http://maps.google.com/?cid=4366759028924649791,43.2619599,-79.8615112,"235 Mary Street, Hamilton, ON L8L 4W2, Canada"
Precision Dent Repair,http://maps.google.com/?cid=2823512101241428769,43.1895272,-79.8430799,"1124 Rymal Road East, Hamilton, ON L8W 3N7, Canada"
AutoAffair Auto Spa & Car Detailing,http://maps.google.com/?cid=8895621162453425684,43.7985026,-79.528267,"190 Millway Avenue #1, Concord, ON L4K 5K8, Canada"
Brooks Auto Body & Collision,http://maps.google.com/?cid=1911886458136976252,43.8074138,-79.4921093,"191 Bowes Road, Concord, ON L4K 1H9, Canada"
Full Body Auto Detailing Ltd,http://maps.google.com/?cid=9386747164319934880,43.827,-79.4925776,"201 Spinnaker Way Unit 9, Concord, ON L4K 4C6, Canada"
Jays Autobody & Repair,http://maps.google.com/?cid=6536214370663865120,43.7188158,-79.5719409,"7 Taber Road, Etobicoke, ON M9W 6T1, Canada"
North Auto Body Collision,http://maps.google.com/?cid=16292948465972168500,43.8208454,-79.5045688,"8540 Keele Street, Concord, ON L4K 2N2, Canada"
Triple Crown Auto Collision Ltd,http://maps.google.com/?cid=5615124769642051316,43.7931135,-79.5215361,"170 Maplecrete, Concord, ON L4K 2B6, Canada"
L G E Auto Body & Painting Ltd,http://maps.google.com/?cid=4357023495607009757,43.781597,-79.5833237,"4817 Hwy 7 W, Woodbridge, ON L4L 1S6, Canada"
Pal Auto Service & Body Shop,http://maps.google.com/?cid=642671009554952536,43.768906,-79.566854,"40 Hanlan Road #34, Woodbridge, ON L4L 3P6, Canada"
District Collision Center,http://maps.google.com/?cid=5771384342008063165,43.7562251,-79.551047,"107 Toryork Dr, North York, ON M9L 1X9, Canada"
Weston M B Collision,http://maps.google.com/?cid=6598788149325804315,43.7564778,-79.5504303,"108 Toryork Drive, North York, ON M9L 1X6, Canada"
Tran Autobody Mechanic & Sales,http://maps.google.com/?cid=14538129213516357798,43.7584344,-79.5543098,"146 Toryork Drive, North York, ON M9L 1X6, Canada"
Garyray Auto & Truck Collision,http://maps.google.com/?cid=4349078564224204523,43.7598983,-79.5583655,"187 Toryork Drive, North York, ON M9L 1X9, Canada"
Sam Auto Body,http://maps.google.com/?cid=8549811266616877802,43.7597564,-79.5564366,"172 Toryork Drive, North York, ON M9L 1X8, Canada"
Tata Autobody Ltd,http://maps.google.com/?cid=11472782664838743397,43.7698916,-79.5402616,"50 Rossdean Dr, North York, ON M9L 2S1, Canada"
Kontract Auto Center,http://maps.google.com/?cid=14519263078080999772,43.766903,-79.5542967,"1135 Barmac Dr, North York, ON M9L 1X4, Canada"
Roger Autobody,http://maps.google.com/?cid=11264443069524015304,43.7709965,-79.5566972,"320 Hanlan Road, Woodbridge, ON L4L 3T4, Canada"
Starlet Auto Collision,http://maps.google.com/?cid=9912085575107473155,43.764678,-79.5612746,"723 Fenmar Drive, North York, ON M9L 1C8, Canada"
Mister John Auto Collision Ltd,http://maps.google.com/?cid=2358784063720499293,43.7654785,-79.5551237,"685 Garyray Dr, North York, ON M9L 1R2, Canada"
Paul's Auto Body Shop,http://maps.google.com/?cid=12410172526098496816,43.7667637,-79.5542396,"1129 Barmac Drive, North York, ON M9L 1X4, Canada"
Bianchi Collision Centre Inc,http://maps.google.com/?cid=2730734723898809787,43.6435906,-79.4272925,"31 Gladstone Avenue, Toronto, ON M6J 1J6, Canada"
Atlantico Auto Collision,http://maps.google.com/?cid=7217256128684975378,43.6559027,-79.4466291,"229 Sterling Road, Toronto, ON M6R 2B2, Canada"
Miller Auto Collision,http://maps.google.com/?cid=16417455151346728434,43.6696205,-79.4606633,"84 Miller Street, Toronto, ON M6N 2Z9, Canada"
Arfil Auto Collision,http://maps.google.com/?cid=14384530378272828580,43.6696292,-79.4604757,"82 Miller Street, Toronto, ON M6N 2Z9, Canada"
Toyko Auto Body,http://maps.google.com/?cid=1303885785085371533,43.6669185,-79.4582444,"Cariboo Avenue, Toronto, ON M6P 3T6, Canada"
A One Auto Body Shop Inc,http://maps.google.com/?cid=18379549677058920121,43.672284,-79.466724,"186 Mulock Avenue, Toronto, ON M6N 3C8, Canada"
Mister Collision,http://maps.google.com/?cid=16297168497334784736,43.6821647,-79.475272,"4 Forbes Av, York, ON M6M 5C5, Canada"
Rexdale Auto Collision,http://maps.google.com/?cid=3898875836809025583,43.7179941,-79.572429,"71 Brydon Drive, Etobicoke, ON M9W 4N3, Canada"
Universal Auto Body Repair,http://maps.google.com/?cid=14242383443599767832,43.7569039,-79.5527353,"123 Toryork Drive, North York, ON M9L 1X9, Canada"
Jebsen Auto Repair and Collision Center,http://maps.google.com/?cid=18021817853936637994,43.822967,-79.3052911,"46 Redlea Avenue, Scarborough, ON M1V 4S3, Canada"
OCG Detailing,http://maps.google.com/?cid=3556435913576201918,43.828761,-79.3514626,"7605 Woodbine Avenue #9, Markham, ON L3R 5V3, Canada"
Markham Auto Body Ltd,http://maps.google.com/?cid=16136318380108822632,43.8290757,-79.350516,"7605 Woodbine Avenue, Markham, ON L3R 5V3, Canada"
Art & Creation Auto Body,http://maps.google.com/?cid=1892647398596353237,43.8201116,-79.3902363,"371 John Street, Thornhill, ON L3T 5W5, Canada"
Faraz Auto Collision & Paint,http://maps.google.com/?cid=8075342701442565339,43.8254282,-79.3959373,"47 Guardsman Road, Thornhill, ON L3T, Canada"
Greenlink Auto Collision & Service,http://maps.google.com/?cid=7371484872569140341,43.8249118,-79.3983658,"11 Harlech Court Unit 19, Thornhill, ON L3T 6L5, Canada"
Anycar Auto Body Shop,http://maps.google.com/?cid=642328410586488620,43.8247268,-79.3989172,"25 Harlech Court, Thornhill, ON L3T 6L5, Canada"
Thornhill Precision Automotive & Autobody Inc.,http://maps.google.com/?cid=6952996284592357077,43.8230218,-79.3969769,"60 Green Lane 5 & 6, Thornhill, ON L3T 7P5, Canada"
Bayview & Steeles Auto Collision Ltd,http://maps.google.com/?cid=13798127877930943800,43.8239,-79.394729,"7 Guardsman Road, Thornhill, ON L3T 6L2, Canada"
Assured North York/Thornhill,http://maps.google.com/?cid=10885281836986323197,43.802665,-79.423593,"7200 Yonge Street, Thornhill, ON L4J 1V8, Canada"
assured automobile,http://maps.google.com/?cid=1614917422429815094,43.7979881,-79.4200631,"Thornhill, Vaughan, ON, Canada"
Magic Auto,http://maps.google.com/?cid=12937200288116268314,43.7814209,-79.4871284,"180 Limestone Crescent, North York, ON M3J 2S4, Canada"
ROLIX Auto Collision,http://maps.google.com/?cid=17775723996856302907,43.790388,-79.514084,"101 Freshway Drive #68, Concord, ON L4K 1R9, Canada"
Classic Auto Collision Ltd.,http://maps.google.com/?cid=1910214527285517933,43.7914276,-79.514411,"101 Freshway Drive #36, Vaughan, ON L4K, Canada"
Concord Collision Centre Ltd,http://maps.google.com/?cid=13239309754842574262,43.827029,-79.5068364,"8850 Keele Street, Concord, ON L4K 2N2, Canada"
Supreme Auto Appearance Ltd,http://maps.google.com/?cid=3429280305361882577,43.8075507,-79.4217941,"8 Clark Avenue, Thornhill, ON L3T 1R8, Canada"
Elite Concepts Inc,http://maps.google.com/?cid=12310896354833108737,43.8731218,-79.5100354,"67 Rodinea Road, Maple, ON L6A 1R3, Canada"
Highway 9 Auto Collision,http://maps.google.com/?cid=18397547008807261953,44.0097232,-79.676705,"84 Magnum Drive, Schomberg, ON L0G 1T0, Canada"
Chico's Collision Centre Ltd,http://maps.google.com/?cid=18041353638584667725,44.1278107,-79.5557869,"435 Dissette Street, Bradford, ON L3Z 3G9, Canada"
Serenity Custom Auto Collision,http://maps.google.com/?cid=11388794134680095421,44.0560076,-79.4773316,"25 George Street #2, Newmarket, ON L3Y 2N3, Canada"
Elliott's Collision Service,http://maps.google.com/?cid=16615964543873606278,44.057548,-79.4778429,"65 George Street, Newmarket, ON L3Y 4V4, Canada"
Touma Five Autobody Inc,http://maps.google.com/?cid=9722305428521630725,44.0589107,-79.4224261,"1251 Gorham Street, Newmarket, ON L3Y 8Y6, Canada"
Fix Auto Allen Expressway,http://maps.google.com/?cid=1184358093441586137,43.7564942,-79.4656431,"199 Rimrock Road, North York, ON M3J 3C6, Canada"
Supertest Auto Body,http://maps.google.com/?cid=1388736691190763579,43.7606477,-79.4808749,"130 Lepage Court #8, North York, ON M3J 1Z6, Canada"
Keele Street Collision,http://maps.google.com/?cid=8475215210844439283,43.7601901,-79.4818448,"126 Le Page, North York, ON M3J 1Z9, Canada"
CARSTAR Downsview,http://maps.google.com/?cid=9236597103732102844,43.7643087,-79.4844693,"1221 Finch Avenue West, North York, ON M3J 2E8, Canada"
Auto Body Shop Toronto,http://maps.google.com/?cid=3553615529595055031,43.795271,-79.428206,"205 Hilda Avenue #512, North York, ON M2M 4B1, Canada"
CARSTAR Willowdale (L&G),http://maps.google.com/?cid=10426450978152818915,43.7577048,-79.4104443,"4656 Yonge Street, North York, ON M2N 5M1, Canada"
Dax Auto Collision,http://maps.google.com/?cid=5281282201277503179,43.724193,-79.4680594,"241 Bridgeland Avenue, North York, ON M6A 1Y7, Canada"
Rust Check - PNG Auto Collision,http://maps.google.com/?cid=15932878995842873314,43.6712722,-79.4310225,"22 Geary Avenue, Toronto, ON M6H 2B4, Canada"
Viso Auto Body,http://maps.google.com/?cid=16859291593375155528,43.6541303,-79.4427524,"182 Saint Helens Avenue, Toronto, ON M6H 4A1, Canada"
West End Auto Body Inc,http://maps.google.com/?cid=1941857865278229991,43.6263589,-79.5420518,"87 Shorncliffe Road, Etobicoke, ON M8Z 5K3, Canada"
GTA Auto Collision,http://maps.google.com/?cid=7251374396428063047,43.6205677,-79.5416083,"41 Atomic Avenue, Toronto, ON M8Z 1T5, Canada"
Straightline Custom Refinishing,http://maps.google.com/?cid=12378114970852980236,43.6181183,-79.5686486,"1905 Mattawa Avenue, Mississauga, ON L4X 1K8, Canada"
Automax Auto Collision,http://maps.google.com/?cid=7300646022934316570,43.6035965,-79.5259665,"39 Fima Crescent, Etobicoke, ON M8W 3R1, Canada"
Royal Auto,http://maps.google.com/?cid=9503500334607518553,43.6016739,-79.5143947,"242 Birmingham Street, Etobicoke, ON M8V 2C9, Canada"
Southside Customs Auto Paint & Body,http://maps.google.com/?cid=143958609297273788,43.5962469,-79.5299519,"3C6, 191 Thirtieth Street, Etobicoke, ON M8W, Canada"
Laidlaw Auto & Collision Centre,http://maps.google.com/?cid=4236260143518298573,43.6019385,-79.5150638,"65 Fifteenth Street, Etobicoke, ON M8V 3J5, Canada"
Royal York Collision & Service,http://maps.google.com/?cid=310723005926286817,43.624158,-79.5026648,"3 Sinclair Street, Etobicoke, ON M8Z 1M7, Canada"
Automax,http://maps.google.com/?cid=7370067973589043800,43.6189309,-79.4966196,"18 Buckingham Street #2, Etobicoke, ON M8Y 2W2, Canada"
New Castle Auto Body,http://maps.google.com/?cid=11483971840867800753,43.6195506,-79.4969349,"85 Portland Street, Etobicoke, ON M8Y 1A9, Canada"
Ali's Auto Body and Auto Sales,http://maps.google.com/?cid=3747723775985505871,43.6182721,-79.4962176,"50 Newcastle Street, Etobicoke, ON M8Y 1A3, Canada"
Walsh Auto Collision Ltd,http://maps.google.com/?cid=11990468045177246416,43.6149158,-79.4981197,"286 Royal York Road, Etobicoke, ON M8V 2V9, Canada"
CARSTAR Etobicoke South,http://maps.google.com/?cid=9872387642843937363,43.6235783,-79.5109937,"5 Canmotor Avenue, Etobicoke, ON M8Z 4E4, Canada"
CSN Collision Centres,http://maps.google.com/?cid=2155581286810023148,43.6152609,-79.5258305,"377 Evans Avenue, Etobicoke, ON M8Z 1K8, Canada"
99 Auto Collision,http://maps.google.com/?cid=6377971849444712851,43.6241107,-79.5028659,"5 Sinclair Street, Etobicoke, ON M8Z 1M7, Canada"
Humberview Collision Centre,http://maps.google.com/?cid=9821646722687114830,43.6407246,-79.5296337,"56 Fieldway Road, Etobicoke, ON M8Z 3L2, Canada"
Sherview Auto Body Ltd,http://maps.google.com/?cid=14452508895850354675,43.6366701,-79.526912,"59 Chauncey Av, Etobicoke, ON M8Z 2Z2, Canada"
Automobile Kollision Works,http://maps.google.com/?cid=4219897588379968627,43.6320315,-79.5309729,"821 Kipling Avenue, Etobicoke, ON M8Z 5G8, Canada"
Cosmo Autobody,http://maps.google.com/?cid=12733085045154262010,43.6359849,-79.5299553,"353 Olivewood Road, Etobicoke, ON M8Z 2Z6, Canada"
Advance Auto Collision Ltd,http://maps.google.com/?cid=6659117509192786682,43.6334005,-79.5299931,"15 Advance Road, Etobicoke, ON M8Z 2S6, Canada"
Auto King Collision Ltd.,http://maps.google.com/?cid=11855443142271368332,43.6353188,-79.5216154,"91 Advance, Etobicoke, ON M8Z 2S6, Canada"
New Life Autobody,http://maps.google.com/?cid=10249868957577932097,43.6687428,-79.4636277,"32 Cawthra Av, Toronto, ON M6N 3C7, Canada"
Weston Auto Collision,http://maps.google.com/?cid=14617612950298455558,43.6838666,-79.4816402,"931 Weston Road, York, ON M6N 3R4, Canada"
C Auto Collision Center,http://maps.google.com/?cid=11979169139936870651,43.6867146,-79.4893421,"1140 Weston Road, York, ON M6N 3S3, Canada"
Viele Bros Auto Body,http://maps.google.com/?cid=1847609874276794479,43.6832054,-79.4893294,"82 Lambton Avenue, York, ON M6N 2S6, Canada"
C & N Auto Body,http://maps.google.com/?cid=1560804682544766260,43.6983353,-79.4541601,"110 Fairbank Avenue, York, ON M6E 3Z1, Canada"
Highlight Auto Collision Centre,http://maps.google.com/?cid=17054177595766108419,43.7051539,-79.4769222,"2321 Keele Street, North York, ON M6M 4A1, Canada"
Keele Auto Body,http://maps.google.com/?cid=10670027821108806615,43.703613,-79.4726135,"41 Densley Avenue, North York, ON M6M 2P5, Canada"
Dufferin Auto Body,http://maps.google.com/?cid=8551101552637703609,43.7032911,-79.4563863,"60 Wingold Avenue, North York, ON M6B 1P5, Canada"
York Dale Auto Body Repair,http://maps.google.com/?cid=2746148336252367210,43.7336022,-79.4639884,"40 Maniza Road, North York, ON M3K 1R6, Canada"
Deer Park Auto & Body Repair,http://maps.google.com/?cid=4724512021462422199,43.6905793,-79.4130915,"40 Coulson Avenue, Toronto, ON M4V 1Y5, Canada"
Restoration 1 Toronto,http://maps.google.com/?cid=9789613752283690585,43.715578,-79.312466,"20 Bermondsey Road, East York, ON M4B 1Z5, Canada"
Toronto Restoration,http://maps.google.com/?cid=17328408733308602969,43.705134,-79.3574833,"10 Canvarco Road, East York, ON M4G 3T4, Canada"
Tormenta Restoration,http://maps.google.com/?cid=16284938789944900290,43.6512787,-79.368257,"King Street East, Toronto, ON M5C 1C3, Canada"
Alex's Wing Tat Auto Service & Body Repair Inc,http://maps.google.com/?cid=13069959632396458049,43.669767,-79.4383041,"212 Geary Avenue, Toronto, ON M6H 2C3, Canada"
Quick Auto Collision Service Inc,http://maps.google.com/?cid=10452168389591467387,43.6692525,-79.4421416,"308 Geary Avenue, Toronto, ON M6H 2C5, Canada"
Massive Auto Collision,http://maps.google.com/?cid=14840875889540684600,43.6667257,-79.445725,"1361 Dupont Street, Toronto, ON M6H 2A9, Canada"
Collosus Auto Body,http://maps.google.com/?cid=12239444191290963374,43.6696546,-79.4451104,"Primrose Avenue, Toronto, ON M6H 3T9, Canada"
John's Unique Auto Body,http://maps.google.com/?cid=11641119161791459391,43.6766707,-79.4673801,"100 Union Street, Toronto, ON M6N 3M9, Canada"
C P Auto Body,http://maps.google.com/?cid=18345999150533417610,43.6664752,-79.4587642,"25 Cariboo Av, Toronto, ON M6P 3T7, Canada"
MP Auto Body,http://maps.google.com/?cid=544792596710671520,43.665977,-79.472554,"490 Quebec Avenue, Toronto, ON M6P 2V7, Canada"
York Auto Body,http://maps.google.com/?cid=10418440041753443705,43.6655966,-79.4926845,"3583 Dundas Street West, York, ON M6S 2S8, Canada"
Martino Brothers Collision,http://maps.google.com/?cid=8296100224276574303,43.6654507,-79.4833197,"3379 Dundas Street West, York, ON M6S 2R9, Canada"
Avenue Collision,http://maps.google.com/?cid=13479124663147947510,43.6770619,-79.4016395,"293 Macpherson Avenue, Toronto, ON M4V 1A4, Canada"
Ryding Auto Body & Mechanical,http://maps.google.com/?cid=176238156244102039,43.700294,-79.452408,"1107 Castlefield Avenue, Toronto, ON M6B, Canada"
M5 Collision Centre,http://maps.google.com/?cid=16377567163631103512,43.8314445,-79.2603523,"96 State Crown Boulevard #3, Scarborough, ON M1V 0A2, Canada"
Lall Auto Body,http://maps.google.com/?cid=10046766521624773247,43.831965,-79.2578451,"112 Select Avenue, Scarborough, ON M1V 4A7, Canada"
A & A Auto Body,http://maps.google.com/?cid=11710297895800276386,43.7582958,-79.2715661,"260 Midwest Road, Unit 9 & 10, Scarborough, ON M1P 3B4, Canada"
Rusty Auto Repair,http://maps.google.com/?cid=2460853853918910142,43.760651,-79.2708706,"345 Midwest Road, Scarborough, ON M1P 3A6, Canada"
Kennedy Auto Collision,http://maps.google.com/?cid=14191447602250212620,43.7585294,-79.2782508,"1287 Kennedy Road, Scarborough, ON M1P 2L4, Canada"
Sharpline Auto Care & Auto Body INC.,http://maps.google.com/?cid=10579896884724711462,43.757327,-79.274449,"151 Nantucket Boulevard, Scarborough, ON M1P 4R5, Canada"
UNIVERSAL AUTO BODY SHOP,http://maps.google.com/?cid=8748076043817661884,43.7402494,-79.288615,"63 Crockford Boulevard, Scarborough, ON M1R 3B7, Canada"
GS Auto Body & Repair,http://maps.google.com/?cid=1881726545471282795,43.7391225,-79.2877359,"47 Crockford Boulevard, Scarborough, ON M1R 3B7, Canada"
Biadi Auto Body Ltd,http://maps.google.com/?cid=12290828168281720719,43.7403307,-79.2881508,"63 Crockford Boulevard, Scarborough, ON M1R 3B7, Canada"
Downtown Body Shop,http://maps.google.com/?cid=18394589031742882220,43.6536417,-79.3618541,"370 King Street East, Toronto, ON M5A 1K9, Canada"
Laird Auto Body Limited,http://maps.google.com/?cid=1926355278583997105,43.7071544,-79.3620719,"123 Laird Drive, East York, ON M4G 3T7, Canada"
Express Auto Collision Ltd,http://maps.google.com/?cid=10548217626933775857,43.6740119,-79.3294809,"310 Greenwood Avenue, Toronto, ON M4L 2R8, Canada"
Michael & Michael Autobody Ltd,http://maps.google.com/?cid=9396735987187168213,43.6625242,-79.3258516,"882 Eastern Avenue, Toronto, ON M4L 1A3, Canada"
East Toronto Paint & Collision Centre,http://maps.google.com/?cid=14930356160490025527,43.7254424,-79.2946423,"1897 Eglinton Avenue East, Scarborough, ON M1L 2L6, Canada"
A&M Auto Collision And Service,http://maps.google.com/?cid=6871815174185987810,43.7242054,-79.2831756,"116 Manville Road #2, Scarborough, ON M1L 4J5, Canada"
Amazing Auto Body Shop,http://maps.google.com/?cid=15289126574581394937,43.7247181,-79.2826311,"119 Manville Road, Scarborough, ON M1L 4J7, Canada"
Mother Auto Body & Auto Services,http://maps.google.com/?cid=6441073423871712394,43.724214,-79.2833883,"116 Manville Road, Scarborough, ON M1L 4J5, Canada"
New Prestige Auto Body Repair Ltd,http://maps.google.com/?cid=3648506253362575256,43.725368,-79.2834038,"122 Manville Road, Scarborough, ON M1L 4J5, Canada"
Best Auto Body & Service,http://maps.google.com/?cid=15811100463402887144,43.7247623,-79.2809664,"76 Sherry Road, Scarborough, ON M1L 2J9, Canada"
Gill Auto Collision Ltd,http://maps.google.com/?cid=7080667721131484465,43.6881234,-79.2971218,"12 Dawes Road, Toronto, ON M4C 5A7, Canada"
Tip Top Auto Collision,http://maps.google.com/?cid=1677519716919857646,43.6924446,-79.2818137,"3323 Danforth Avenue, Scarborough, ON M1L 1C5, Canada"
Victorian Auto Collision,http://maps.google.com/?cid=3981602554240448038,43.6901517,-79.2863738,"3 Thora Av, Scarborough, ON M1L 2P7, Canada"
A K S Auto Body Inc,http://maps.google.com/?cid=2441651865752502173,43.6870701,-79.2892826,"7 Musgrave Street, Toronto, ON M4E 2H3, Canada"
Autostyle autobody Inc,http://maps.google.com/?cid=192723022613420275,43.7654086,-79.3009117,"1571 Warden Avenue, Scarborough, ON M1R 2S9, Canada"
Reg's Auto Refinishing,http://maps.google.com/?cid=11280600764599364035,43.7147113,-79.2605832,"619 Danforth Road, Scarborough, ON M1K 1G1, Canada"
Art Auto Repair & Collision,http://maps.google.com/?cid=12033484073786307165,43.7096438,-79.261166,"260 Raleigh Avenue, Scarborough, ON M1K 1A8, Canada"
BP Autobody,http://maps.google.com/?cid=1846133743904051019,43.7045524,-79.2640887,"127 Raleigh Avenue, Scarborough, ON M1K 1A1, Canada"
Executive Auto Collision,http://maps.google.com/?cid=15968841920506063329,43.6993122,-79.2652493,"336 Birchmount Road, Scarborough, ON M1N 3K2, Canada"
Prochilo Brothers Auto Collision,http://maps.google.com/?cid=4653267015994443898,43.7534139,-79.26716,"40 Midwest Road, Scarborough, ON M1P 3A9, Canada"
Excellence Auto Collision,http://maps.google.com/?cid=17047563449749223942,43.7571547,-79.2700302,"210 Midwest Road, Scarborough, ON M1P 3A9, Canada"
Kings Auto Body,http://maps.google.com/?cid=17837905392818442027,43.7719653,-79.2704215,"18 Cosentino Drive, Scarborough, ON M1P 3A2, Canada"
Birchmount Collision Inc,http://maps.google.com/?cid=17533643061539288689,43.8027391,-79.2951146,"4032 Finch Avenue East, Scarborough, ON M1S 3T6, Canada"
SUBTAMILAUTO,http://maps.google.com/?cid=3247559275916256231,43.8072584,-79.2377623,"40 Melford Drive, Scarborough, ON M1B 2G2, Canada"
Krown Scarborough Sheppard,http://maps.google.com/?cid=1590970873468764655,43.791414,-79.2552463,"4736 Sheppard Avenue East, Scarborough, ON M1S 3V6, Canada"
Spectra Collision Centre,http://maps.google.com/?cid=12624123141584859306,43.7910011,-79.2559638,"4730 Sheppard Avenue East, Scarborough, ON M1S 3V6, Canada"
N X Auto Body,http://maps.google.com/?cid=12770221879482281115,43.7750586,-79.2400445,"1940 Ellesmere Rd, Scarborough, ON M1H 2V7, Canada"
CSN Brimell Paint and Collision Center,http://maps.google.com/?cid=17649103083457678063,43.7948156,-79.2421215,"5060 Sheppard Avenue East, Scarborough, ON M1S 4N3, Canada"
K-Image Auto Body Repairs,http://maps.google.com/?cid=11412097022209093228,43.8098245,-79.2383358,"90 Melford Dr, Scarborough, ON M1B 2A1, Canada"
Dilawri Collision Centre Agincourt,http://maps.google.com/?cid=14944845622541255560,43.8136497,-79.2443573,"5500 Finch Avenue East #100, Scarborough, ON M1S 0C7, Canada"
Makil Auto Repair and Body Works,http://maps.google.com/?cid=10374136487878888865,43.8119698,-79.2421171,"2305 Markham Road #10, Scarborough, ON M1B 2W3, Canada"
AVR Auto Collision,http://maps.google.com/?cid=9032752664023060443,43.8073921,-79.2375918,"40 Melford Drive, Scarborough, ON M1B 2G2, Canada"
Highland Creek Collision,http://maps.google.com/?cid=8732317275004401096,43.7925389,-79.156839,"6476 Kingston Road, Scarborough, ON M1C 1L5, Canada"
Krown Rust Control,http://maps.google.com/?cid=2887749820360156996,43.9301394,-78.8826262,"120 Russett Avenue, Oshawa, ON L1G 3R5, Canada"
The Collision Man,http://maps.google.com/?cid=10141196905108525783,43.9096499,-78.8601604,"222 Rolson Street, Oshawa, ON L1G 7Y9, Canada"
Owasco Body Shop,http://maps.google.com/?cid=9526821017398172537,43.8746022,-78.8917708,"2060 Champlain Avenue, Whitby, ON L1N 6A7, Canada"
Down Town Collision Centre,http://maps.google.com/?cid=1073665940082213804,43.8789905,-78.8381008,"859 Nelson Street, Oshawa, ON L1H 5N7, Canada"
Branco's Custom Auto Body Ltd,http://maps.google.com/?cid=2530721665828461750,43.8803313,-78.8385913,"797 Nelson Street, Oshawa, ON L1H 5N7, Canada"
Oshawa Collision Centre,http://maps.google.com/?cid=12900724498762657534,43.895453,-78.8601,"97 Albert Street, Oshawa, ON L1H 4R3, Canada"
Joe's Auto Body,http://maps.google.com/?cid=8889477779975789968,43.8940399,-78.876084,"25 Grenfell Street, Oshawa, ON L1J 4V9, Canada"
S F T Auto Body,http://maps.google.com/?cid=8744001270725280580,43.8556665,-78.8822131,"1333 Boundary Road, Oshawa, ON L1J 6Z7, Canada"
C K Collision Centre Oshawa Inc,http://maps.google.com/?cid=5047240143529181602,43.8776921,-78.8442393,"838 Ritson Road South, Oshawa, ON L1H 5L4, Canada"
Terry's Autobody,http://maps.google.com/?cid=17712049248605072080,43.8789905,-78.8381008,"859 Nelson Street, Oshawa, ON L1H 5N7, Canada"
Pete's Auto Body,http://maps.google.com/?cid=1888138943697915027,43.8817706,-78.8361417,"716 Wilson Road South, Oshawa, ON L1H 6E8, Canada"
Professional Collision Clinic (2005) Ltd,http://maps.google.com/?cid=9981506279612115880,43.8843726,-78.8485507,"227 Toronto Avenue, Oshawa, ON L1H 3C1, Canada"
Lockwood Collision,http://maps.google.com/?cid=13560728337539118370,43.2584199,-79.8596948,"124 Ferguson Avenue North, Hamilton, ON L8R 1G1, Canada"
Downtown Collision Parko Transportation Services,http://maps.google.com/?cid=16225451672624162932,43.2598242,-79.8649451,"129 John Street North, Hamilton, ON L8R 1H7, Canada"
Hamilton Group Auto Body and Repair,http://maps.google.com/?cid=15965859667686387711,43.259671,-79.8597,"171 Ferguson Avenue North, Hamilton, ON L8L 8E4, Canada"
O'Sullivan Auto Collision,http://maps.google.com/?cid=6233771505924934867,43.264679,-79.831041,"776 Burlington Street East, Hamilton, ON L8L 4K3, Canada"
Leo's Auto Collision,http://maps.google.com/?cid=14997069258086409130,43.2573269,-79.8208977,"207 Beach Rd, Hamilton, ON L8L 4A8, Canada"
RSK Automotive & Collision,http://maps.google.com/?cid=1231507095642997639,43.2602192,-79.864255,"63 Cannon Street East, Hamilton, ON L8L 4W2, Canada"
Tip Top Auto Body & Repair Inc,http://maps.google.com/?cid=10079291345649112728,43.2628543,-79.8325495,"350 Sherman Avenue North, Hamilton, ON L8L 6N6, Canada"
CARSTAR Hamilton Lockwood,http://maps.google.com/?cid=17315717712340234427,43.2584199,-79.8596948,"124 Ferguson Avenue North, Hamilton, ON L8R 1G1, Canada"
Flash Autobody,http://maps.google.com/?cid=7237866242615648748,43.2621855,-79.8612888,"243 Mary Street, Hamilton, ON L8L 4W2, Canada"
Harbour Collision,http://maps.google.com/?cid=9703158418734181244,43.254845,-79.8460024,"25 Madison Avenue, Hamilton, ON L8L 5Y2, Canada"
Sky Auto Collision,http://maps.google.com/?cid=7673457074663655943,43.2649037,-79.8750565,"195 Hess Street North, Hamilton, ON L8R 2T1, Canada"
CSN Hamilton,http://maps.google.com/?cid=9468507704413053852,43.1900109,-79.836326,"230 Lancing Drive, Hamilton, ON L8W 0C3, Canada"
Body Fix,http://maps.google.com/?cid=3871922236905724949,43.1934389,-79.839347,"55 Lancing Drive, Hamilton, ON L8W 2Z9, Canada"
Reg's Auto Body,http://maps.google.com/?cid=9524255907928206210,43.2249248,-79.8725245,"974 Upper Wellington Street, Hamilton, ON L9A 3S3, Canada"
Asc Auto Body,http://maps.google.com/?cid=4845992481521369849,43.2511064,-79.8688554,"194 John Street South, Hamilton, ON L8N 2C6, Canada"
CARSTAR Hamilton Midtown,http://maps.google.com/?cid=11348595303105780196,43.2523258,-79.8623657,"77 Ferguson Avenue South, Hamilton, ON L8N 3Z8, Canada"
westside auto body,http://maps.google.com/?cid=7259519356796755457,43.2600904,-79.8917375,"597 Main Street West, Hamilton, ON L8P 1K9, Canada"
CARSTAR Hamilton Midtown West,http://maps.google.com/?cid=727204558467986514,43.2570592,-79.9317311,"1655 Main Street West, Hamilton, ON L8S 1G2, Canada"
Fix Auto Hamilton Centre,http://maps.google.com/?cid=1394222085411408814,43.2683623,-79.8417854,"544 Wentworth Street North, Hamilton, ON L8L 5X3, Canada"
Oakland Auto Body,http://maps.google.com/?cid=9735336188978518978,43.2606375,-79.8498226,"139 Oak Avenue, Hamilton, ON L8L 5M9, Canada"
CARSTAR Hamilton Gage,http://maps.google.com/?cid=833798159839075669,43.2576753,-79.82403,"322 Gage Avenue North, Hamilton, ON L8L 7A7, Canada"
Depew Autobody Repair,http://maps.google.com/?cid=4048102130438935599,43.256395,-79.819961,"7 Depew Street, Hamilton, ON L8L 7H5, Canada"
Frank's Auto Body,http://maps.google.com/?cid=12204275092087891232,43.2479695,-79.7804944,"560 Rennie, Hamilton, ON L8H 3P5, Canada"
Ottawa Auto Body & Repair,http://maps.google.com/?cid=8377400525298622119,43.19343,-79.8409225,"60 Lancing Drive, Hamilton, ON L8W 3A1, Canada"
Heart Beat Autobody,http://maps.google.com/?cid=7910523788110561977,43.2309308,-79.7242578,"326 Arvin Avenue, Stoney Creek, ON L8E 2M4, Canada"
Fix Auto Stoney Creek,http://maps.google.com/?cid=4266763907514445608,43.2286507,-79.7192911,"325 Millen Road, Stoney Creek, ON L8E 2H3, Canada"
Assured Barton Collision,http://maps.google.com/?cid=16528804468273164590,43.236599,-79.762752,"2420 Barton Street East, Hamilton, ON L8E 2W7, Canada"
Stoney Creek Collision Centre Ltd,http://maps.google.com/?cid=694980414793743742,43.2255309,-79.7539965,"928 Queenston Road, Stoney Creek, ON L8G 1B7, Canada"
Image Honda Auto Collision,http://maps.google.com/?cid=5773808627470628160,43.2340553,-79.7624406,"155 Centennial Parkway North, Hamilton, ON L8E 1H8, Canada"
Peter’s Paint & Body,http://maps.google.com/?cid=921179632530306373,43.1901992,-79.8459003,"1060 Rymal Road East, Hamilton, ON L8W 3N6, Canada"
CARSTAR Hamilton Rymal,http://maps.google.com/?cid=15957842136631810458,43.1895647,-79.8432643,"1124 Rymal Road East, Hamilton, ON L8W 3N7, Canada"
Maaco Collision Repair & Auto Painting,http://maps.google.com/?cid=16785119322804941648,43.2340675,-79.7398269,"361 Grays Road, Hamilton, ON L8E 2Z1, Canada"
A B C Auto Body,http://maps.google.com/?cid=16039826751725978012,43.171223,-79.781268,"1 Portside Street, Hannon, ON L0R 1P0, Canada"
CARSTAR Stoney Creek,http://maps.google.com/?cid=16468847461301084044,43.227837,-79.7100088,"498 Arvin Avenue, Stoney Creek, ON L8E 2M9, Canada"
CARSTAR Waterdown,http://maps.google.com/?cid=15343209975807307166,43.3278236,-79.8985869,"232 Dundas Street East, Waterdown, ON L0R 2H4, Canada"
CARSTAR Milton Appraisal Centre,http://maps.google.com/?cid=9959867462340931734,43.5435071,-79.8707375,"1245 Steeles Avenue East, Milton, ON L9T 0K2, Canada"
GUELPH A&M AUTO SERVICES / COLLISION,http://maps.google.com/?cid=10008917898244744612,43.5483102,-80.2410397,"33 Elizabeth Street, Guelph, ON N1E 2X1, Canada"
Guelph Sutton Speedy Collision,http://maps.google.com/?cid=14988511415034109267,43.554714,-80.231027,"349 Elizabeth Street, Guelph, ON N1E 2X9, Canada"
Hasson Collision Ltd,http://maps.google.com/?cid=8693091398353722299,43.5550302,-80.22133,"15 Industrial Street, Guelph, ON N1E 6B9, Canada"
Dino's Auto Collision,http://maps.google.com/?cid=13878450067537865987,43.5751339,-80.1914078,"7893 York Rd, Guelph, ON N1H 6H8, Canada"
Eramosa Autobody (Sand & Sodablasting),http://maps.google.com/?cid=16257325647366301136,43.6019022,-80.1869767,"Wellington County Road 29, Rockwood, ON N0B 2K0, Canada"
Pete's Auto Paint Ltd,http://maps.google.com/?cid=6901165727303962923,43.6215813,-80.0993047,"7 Line, Rockwood, ON N0B 2K0, Canada"
Eurodesign Collision & Body,http://maps.google.com/?cid=1843673476180164887,43.631445,-80.0441271,"Halton 25, Acton, ON L7J 2M1, Canada"
Floyd's Body Shop,http://maps.google.com/?cid=12920561794965644625,43.657382,-79.957483,"13115 22 Side Road, Georgetown, ON L7G 4S4, Canada"
Uptown Collision,http://maps.google.com/?cid=11253898180925082380,43.6535471,-79.9069824,"53 Mountainview Road North, Georgetown, ON L7G 4J7, Canada"
CARSTAR Georgetown Appraisal Centre,http://maps.google.com/?cid=13933365380586969396,43.6527254,-79.905376,"33 Mountainview Road North, Georgetown, ON L7G 4J7, Canada"
Fix Auto Georgetown,http://maps.google.com/?cid=6400185510016681203,43.6472499,-79.8638098,"411 Draper Street, Norval, ON L0P 1K0, Canada"
Arnie's Collision Centre,http://maps.google.com/?cid=11405214655407486155,43.6458256,-79.8627228,"490 Guelph Street, Norval, ON L0P 1K0, Canada"
Riteway Auto Body,http://maps.google.com/?cid=6519868465480373170,43.6507883,-79.8835205,"311 Armstrong Avenue, Georgetown, ON L7G 4X6, Canada"
Reflections Auto Refinishing & Collision,http://maps.google.com/?cid=5083604042717453951,43.544761,-79.873439,"8060 Lawson Road, Milton, ON L9T 5C5, Canada"
Touch Up Auto Body,http://maps.google.com/?cid=15674507434809730782,43.5394482,-79.921314,"8750 Regional Road 25, Milton, ON L9T 2X7, Canada"
Eugene Collision Ltd,http://maps.google.com/?cid=11639856656362747087,43.707345,-79.468671,"8 Eugene Street, North York, ON M6B 3Z4, Canada"
Advance Auto Collision,http://maps.google.com/?cid=3929272710341888211,43.7103301,-79.4690429,"68 Eugene Street, North York, ON M6B 3Z4, Canada"
Elite Auto Collision,http://maps.google.com/?cid=9662444634398895867,43.6998969,-79.4719464,"47 Ingram Drive, North York, ON M6M 2L7, Canada"
L & G General Auto Body Ltd,http://maps.google.com/?cid=4689944645784430975,43.7577276,-79.4102776,"4656 Yonge Street, North York, ON M2N 5M1, Canada"
Pars Moto,http://maps.google.com/?cid=9983204440720645390,43.7583599,-79.4802823,"2 Ashwarren Road, North York, ON M3J 1Z3, Canada"
Leons Auto Body,http://maps.google.com/?cid=11540785634126225889,43.7595967,-79.4763018,"9 Vanley Crescent, North York, ON M3J 2B7, Canada"
Toronto Auto Collision,http://maps.google.com/?cid=12158929362253534563,43.7644065,-79.4738601,"375 Champagne Drive, North York, ON M3J 2C6, Canada"
Bodylines Auto Collision Ltd,http://maps.google.com/?cid=7978311183556226959,43.772601,-79.476412,"121 Brisbane Road #2, North York, ON M3J 2K3, Canada"
Campus Auto Collision Ltd,http://maps.google.com/?cid=8733635579439673256,43.7591615,-79.4855044,"44 Lepage Court, North York, ON M3J 1Z9, Canada"
Ricci Auto Collision,http://maps.google.com/?cid=18063829003672705840,43.754491,-79.55603,"59 Milvan Drive, North York, ON M9L 1Y8, Canada"
Western Collision Ltd,http://maps.google.com/?cid=10512443535131873020,43.7667109,-79.5505678,"500 Garyray Dr, North York, ON M9L 1P8, Canada"
Maaco Collision Repair & Auto Painting,http://maps.google.com/?cid=10272368218748167166,43.7685177,-79.473388,"1100 Finch Avenue West #11a, North York, ON M3J 2E2, Canada"
CARSTAR Toronto Millwick,http://maps.google.com/?cid=8688860556324745528,43.7581744,-79.5610769,"51 Millwick Drive, North York, ON M9L 1Y4, Canada"
HI-Caliber Collision,http://maps.google.com/?cid=4504059199903200444,43.7662689,-79.5579545,"Suite 5, 100 Turbine Dr, North York, ON M9L 2S2, Canada"
R & S Auto Service,http://maps.google.com/?cid=15652437845008605563,43.764914,-79.545144,"420 Ormont Dr, North York, ON M9L 1N9, Canada"
Hwy 7 Auto Collision,http://maps.google.com/?cid=8931408661429831692,43.766885,-79.5427795,"300 Signet Drive, North York, ON M9L 1V2, Canada"
Consolidated Dealers,http://maps.google.com/?cid=321123362304104470,43.771131,-79.552788,"441 Hanlan Road, Woodbridge, ON L4L 3T1, Canada"
AutoVaughan Collision Centre Inc,http://maps.google.com/?cid=7268912619261916813,43.783616,-79.568141,"1000 Rowntree Dairy Rd unit 11, Woodbridge, ON L4L 5X3, Canada"
Assured @ Royfoss Chev Woodbridge,http://maps.google.com/?cid=14709331769589198059,43.784963,-79.54975,"2 Auto Park Circle, Woodbridge, ON L4L 8R1, Canada"
CARSTAR Express Woodbridge,http://maps.google.com/?cid=9661228817079868272,43.8023502,-79.5478392,"331 Jevlan Drive #11, Woodbridge, ON L4L 8C1, Canada"
Assured Vaughan,http://maps.google.com/?cid=13744277937622040937,43.8148624,-79.5512089,"219 Westcreek Drive, Woodbridge, ON L4L 9T7, Canada"
Greenstar Auto Collision Inc,http://maps.google.com/?cid=11831182145861565771,43.8172669,-79.5351255,"97 Corstate Avenue, Concord, ON L4K 4Y2, Canada"
Albion Hills Auto Collision Centre,http://maps.google.com/?cid=84179185833977362,43.9477671,-79.8323222,"17063 Highway No. 50, Palgrave, ON L7E 0K5, Canada"
CARSTAR Bolton Appraisal Centre,http://maps.google.com/?cid=12701648178497261749,43.8504325,-79.6967769,"12080 Albion Vaughan Road, Bolton, ON L7E 1S7, Canada"
Diamond Auto Collision,http://maps.google.com/?cid=6848229582885632788,43.8600367,-79.7051109,"159 Industrial Road, Bolton, ON L7E 1K5, Canada"
Vince's Auto Body,http://maps.google.com/?cid=2049670903881075432,43.8593403,-79.7096293,"12553 Highway 50, Bolton, ON L7E 1M4, Canada"
Sibia Collison,http://maps.google.com/?cid=2891336839725644650,43.8608386,-79.7074372,"68, Commercial Road, Bolton, ON L7E 1K4, Canada"
Hammersteel Rustorations,http://maps.google.com/?cid=12626914006708100622,43.8626265,-79.7187824,"60 Healey Road, Bolton, ON L7E 5A6, Canada"
Auto Collision,http://maps.google.com/?cid=6321778604220324409,43.861438,-79.7308699,"345 Healey Road, Unit 7 - 9, Bolton, ON L7E 1E9, Canada"
Supreme Collision Centre Bolton,http://maps.google.com/?cid=16483841415206558369,43.864729,-79.728244,"Bolton, Caledon, ON L7E 5B4, Canada"
Greers Auto Collision,http://maps.google.com/?cid=11766108667232134396,43.8662968,-79.7227177,"640 Hardwick Road, Bolton, ON L7E 5R2, Canada"
Fix Auto Bolton,http://maps.google.com/?cid=6196362074545121447,43.8773067,-79.7350815,"12543 50 Hwy, Bolton, ON L7E 1M4, Canada"
Autometric Autobody Inc,http://maps.google.com/?cid=6397215885326755986,43.8823312,-79.734238,"142 King Street East, Bolton, ON L7E 3G2, Canada"
Runway Auto Collision & Repair Inc.,http://maps.google.com/?cid=8446282714224777613,43.70664,-79.730143,"99 West Dr, Brampton, ON L6T 2J6, Canada"
Fix Auto Brampton East,http://maps.google.com/?cid=8443198246113351795,43.738732,-79.6999106,"2 Gateway Boulevard, Brampton, ON L6T 4A7, Canada"
Westwood Auto Collision 2 Ltd,http://maps.google.com/?cid=8922167797266857949,43.7033987,-79.7903425,"190 Bovaird Drive West, Brampton, ON L7A 1A2, Canada"
Ekam Auto Collision Centre Ltd,http://maps.google.com/?cid=4793203029559830893,43.6867006,-79.7355664,"14 Stafford Drive, Brampton, ON L6W 1L3, Canada"
Alternative Auto Inc,http://maps.google.com/?cid=5812190835765852853,43.6880598,-79.7291611,"255 Rutherford Road South, Brampton, ON L6W 4N7, Canada"
NAPA AUTOPRO - Chan's Auto Centre Ltd.,http://maps.google.com/?cid=189588956216620634,43.6791093,-79.7680024,"250 Queen Street West, Brampton, ON L6X 1B1, Canada"
First Choice Collision Centre,http://maps.google.com/?cid=13969750315027963601,43.683911,-79.721277,"304 Rutherford Rd S, Brampton, ON L6W 3K7, Canada"
D&S Auto Collision,http://maps.google.com/?cid=9455945190753686339,43.6842467,-79.7199626,"21 Hale Road, Brampton, ON L6W 3J9, Canada"
Peel Auto Collision,http://maps.google.com/?cid=16501200011642006204,43.684926,-79.71867,"14 Hale Road, Brampton, ON L6W 3M1, Canada"
"Fix Auto Canada, Ontario Business Centre",http://maps.google.com/?cid=7730038227891588465,43.6258931,-79.6701744,"160 Traders Boulevard East, Mississauga, ON L4Z 3K7, Canada"
Direct Collision & Restoration,http://maps.google.com/?cid=9306228325031606426,43.6661029,-79.6696035,"6731 Columbus Road #2, Mississauga, ON L5T 2M4, Canada"
El Mono Auto Care & Body Shop,http://maps.google.com/?cid=13772730537865375476,43.6701223,-79.6865697,"1076 Cardiff Boulevard, Mississauga, ON L5S 1M4, Canada"
East And West Autobody Repair,http://maps.google.com/?cid=2630623099505441490,43.6815821,-79.785771,"22 Holtby Avenue, Brampton, ON L6X 2M1, Canada"
Downtown Auto Centres Ltd,http://maps.google.com/?cid=5933560844756718616,43.6815792,-79.7680826,"126 Nelson Street West, Brampton, ON L6X 1C9, Canada"
Premium Auto Collision,http://maps.google.com/?cid=776429225158158825,43.6915631,-79.5994005,"10 Fasken Drive, Etobicoke, ON M9W 1K5, Canada"
Rexdale Body Shop,http://maps.google.com/?cid=6222079449644220147,43.7161194,-79.5751882,"30 Racine Road, Etobicoke, ON M9W 2Z3, Canada"
Lovestar Auto Body,http://maps.google.com/?cid=7767336548895025499,43.7166,-79.5772113,"44 Racine Road, Etobicoke, ON M9W 2Z3, Canada"
R & S Auto Body Repair & Care,http://maps.google.com/?cid=2239982141383688355,43.7150783,-79.5707664,"9 Racine Road, Etobicoke, ON M9W 2Z2, Canada"
Extreme Auto Collision,http://maps.google.com/?cid=2221579780837882108,43.6877591,-79.7257272,"266 Rutherford Road South, Brampton, ON L6W 3N3, Canada"
CARSTAR Brampton,http://maps.google.com/?cid=14289445691724877095,43.6953812,-79.6938136,"110 Advance Boulevard, Brampton, ON L6T 4J4, Canada"
Right Choice Auto & Collision,http://maps.google.com/?cid=1572803097697999395,43.688854,-79.6973749,"225 Advance Boulevard #14, Brampton, ON L6T 4J2, Canada"
Modern Auto Repair & Body Shop,http://maps.google.com/?cid=5226257356683682785,43.661091,-79.672896,"1116 Mid-Way Blvd, Mississauga, ON L5B 2H2, Canada"
Shunkaih Auto Ctr,http://maps.google.com/?cid=7495144788253177950,43.6584578,-79.6376163,"1765 Shawson Drive, Mississauga, ON L4W 1N8, Canada"
Rf Auto Collision & Repairs,http://maps.google.com/?cid=1409804136382593896,43.6967719,-79.6538281,"7089 Torbram Road, Mississauga, ON L4T 1G7, Canada"
A Auto Trust,http://maps.google.com/?cid=897309965786520629,43.6961755,-79.6989392,"20 Strathearn Avenue, Brampton, ON L6T 4P7, Canada"
FH Pro Collision,http://maps.google.com/?cid=16539426702266143735,43.7122624,-79.8006276,"15a Fisherman Drive #33, Brampton, ON L7A 1B7, Canada"
Rutherford Auto Body And Motors,http://maps.google.com/?cid=8428971906668792272,43.6875265,-79.7263776,"266 Rutherford Road South, Brampton, ON L6V 2X8, Canada"
Fix Auto Brampton Central,http://maps.google.com/?cid=1251438061985549661,43.6844748,-79.7220542,"296 Rutherford Road South, Brampton, ON L6W 3K7, Canada"
Skydome Auto And Body Centre,http://maps.google.com/?cid=12242622085161991155,43.6835623,-79.7207375,"308 Rutherford Road South, Brampton, ON L6W 3K7, Canada"
Colorworks Express Autobody Centers,http://maps.google.com/?cid=9427819855964175428,43.6565846,-79.6539384,"6160 Ordan Drive, Mississauga, ON L5T 2B3, Canada"
Atlantic Auto Body,http://maps.google.com/?cid=11474192445918705064,43.6617057,-79.6463687,"6121 Atlantic Drive, Mississauga, ON L5T 1N7, Canada"
Co-Up Heavy Equipment & Auto Body Repairs,http://maps.google.com/?cid=10003513859040885448,43.7029212,-79.6622581,"7405 Kimbel Street, Mississauga, ON L4T 3M6, Canada"
Atlantic Auto Collision North Ltd,http://maps.google.com/?cid=14207987189049096207,43.6962061,-79.6943891,"60 Advance Boulevard, Brampton, ON L6T 4J4, Canada"
Custom Auto Collision,http://maps.google.com/?cid=4473312542705290174,43.700117,-79.739626,"28 Rutherford Road South, Brampton, ON L6W 3J1, Canada"
Bodyworks Auto Collision,http://maps.google.com/?cid=15181547492881589182,43.6905852,-79.7308145,"214 Rutherford Road South, Brampton, ON L6W 3J6, Canada"
Kolar Auto Collision Centre,http://maps.google.com/?cid=5727583481057286431,43.6882614,-79.7338869,"42 Stafford Drive, Brampton, ON L6W 1L4, Canada"
Atlas Auto Collision,http://maps.google.com/?cid=9696799142761902191,43.6959593,-79.7338604,"116 Rutherford Road South, Brampton, ON L6W 3J5, Canada"
Dashmesh Auto Body Shop,http://maps.google.com/?cid=4564990692102830145,43.689422,-79.731587,"89 Stafford Drive, Brampton, ON L6W 1L3, Canada"
Maaco Collision Repair & Auto Painting,http://maps.google.com/?cid=15107654253349408765,43.6848119,-79.7220005,"290 Rutherford Road South, Brampton, ON L6W 3K7, Canada"
Paint Circuit Auto Body Supply Ltd,http://maps.google.com/?cid=17337677738137741658,43.7317246,-79.6584201,"3485 Steeles Avenue East, Brampton, ON L6T 5W5, Canada"
Js Auto Body,http://maps.google.com/?cid=13057177816956023520,43.899782,-79.677334,"13120 10 Conc, Nobleton, ON L0G 1N0, Canada"
King Rd & 10th Concession,http://maps.google.com/?cid=10154201504135687061,43.9054896,-79.6343004,"King Road, Nobleton, ON L0G 1N0, Canada"
Concept Auto Collision,http://maps.google.com/?cid=10635394421389128401,44.107,-79.5206555,"19877 Bathurst Street, Holland Landing, ON L9N 1N3, Canada"
Painted White,http://maps.google.com/?cid=13524749889388282818,44.2272236,-79.3687838,"23280 McCowan Road, Sutton, ON L0E 1R0, Canada"
KKT Auto Collision Ltd,http://maps.google.com/?cid=620186509475889249,43.87077,-79.281502,"20 Heritage Rd Unit 12, Markham, ON L3P 3P3, Canada"
Oaktown Collision (Richmond Hill) Inc,http://maps.google.com/?cid=5944073231650116348,43.8904248,-79.4364906,"385 Ohio Road, Richmond Hill, ON L4C 3A1, Canada"
Honest Auto Collision,http://maps.google.com/?cid=8033479791872295308,43.9243911,-79.2989694,"10868 McCowan Road, Markham, ON L3P 3J3, Canada"
Pedersen Auto Body,http://maps.google.com/?cid=15782441118494286529,44.4284151,-79.1538892,"384 Bay Street, Beaverton, ON L0K 1A0, Canada"
Fine Line Auto Service,http://maps.google.com/?cid=12480915762610559665,43.9908461,-79.5119787,"1312 Wellington Street West, King City, ON L7B 1K5, Canada"
European Autobody,http://maps.google.com/?cid=14153115750224647118,43.7532866,-79.6171458,"14 Goodmark Place, Etobicoke, ON M9W 6R1, Canada"
Fix Auto Woodbridge,http://maps.google.com/?cid=8963401532642249116,43.7795786,-79.5885738,"7710 Islington Avenue, Woodbridge, ON L4L 1W3, Canada"
Eddystone Auto Collision Ltd,http://maps.google.com/?cid=6738304138029734141,43.807154,-79.5475866,"700 Chrislea Road, Woodbridge, ON L4L 8K9, Canada"
Plaza Portland Autobody Ltd.,http://maps.google.com/?cid=5594498747264641647,43.7213966,-79.4575307,"15 Bentworth Avenue, North York, ON M6A 1P3, Canada"
AWIN Advanced Auto Body,http://maps.google.com/?cid=13980689704058991359,43.7710367,-79.4682079,"4600 Dufferin Street, North York, ON M3H 5S4, Canada"
Pro Auto Body Inc.,http://maps.google.com/?cid=8316739723497713707,43.774349,-79.472199,"73 Alness Street Unit 1, North York, ON M3J 2H2, Canada"
Clearchoice Autobody,http://maps.google.com/?cid=15806549255186033033,43.8104589,-79.494535,"Unit 3, 566 Rivermede Road, Concord, ON L4K 2H4, Canada"
North Seven Auto body Ltd.,http://maps.google.com/?cid=6738444697654247253,43.8113029,-79.4869376,"145 Rivermede Road, Concord, ON L4K 3R5, Canada"
Dent Doctor,http://maps.google.com/?cid=7552427246386206243,43.8061086,-79.4111682,"134 Doncaster Avenue #6, Thornhill, ON L3T 1L3, Canada"
Car Dent Medic,http://maps.google.com/?cid=1058291321931373351,43.8356428,-79.4238574,"57 Langstaff Road East, Thornhill, ON L3T 3P7, Canada"
Friendly Auto Body,http://maps.google.com/?cid=14819378247849194349,43.8289604,-79.3511332,"7605 Woodbine Avenue #17-18, Markham, ON L3R 5V3, Canada"
CARSTAR Thornhill (Antica Auto Body),http://maps.google.com/?cid=12316577725537967151,43.8066067,-79.4151432,"71 Glen Cameron Road, Thornhill, ON L3T 1P5, Canada"
Velocity Autobody Inc.,http://maps.google.com/?cid=15418403545425089327,43.8714455,-79.280956,"8 Heritage Road, Markham, ON L3P 1M4, Canada"
Carstar Concord,http://maps.google.com/?cid=10647531782978909384,43.8269902,-79.4817257,"50 Fernstaff Court #1, Concord, ON L4K 3L6, Canada"
Vaughan Fine Touch Auto Collision Inc.,http://maps.google.com/?cid=10444438795383100157,43.8225284,-79.5286937,"191 Caldari Road #7, Concord, ON L4K 4A1, Canada"
Rafael's Autoboby Limited,http://maps.google.com/?cid=7542791166449752804,43.8376927,-79.4140149,"165 Langstaff Road East, Thornhill, ON L3T 3M7, Canada"
Fix Auto Markham,http://maps.google.com/?cid=10573289001179642609,43.8485036,-79.357093,"8435 Woodbine Avenue, Markham, ON L3R 2P4, Canada"
Leons Auto Body,http://maps.google.com/?cid=12592499481804174766,43.8818762,-79.4389038,"10427 Yonge St., Unit 3, Richmond Hill, ON M3J 2B7, Canada"
Fix Auto Richmond Hill,http://maps.google.com/?cid=11210336699238067302,43.8781452,-79.4305176,"169 Centre Street East, Richmond Hill, ON L4C 1A5, Canada"
CARSTAR Wilson Niblett (Richmond Hill),http://maps.google.com/?cid=16149214645528151585,43.8873696,-79.4392151,"35 Industrial Road, Richmond Hill, ON L4C 2Y2, Canada"
Prime Autobody Collision Centre,http://maps.google.com/?cid=10467786607567572763,43.9544105,-79.3828897,"6 Cardico Drive, Gormley, ON L0H 1G0, Canada"
Victory Auto Collision,http://maps.google.com/?cid=7674335685066625058,43.9411039,-79.4542231,"12860 Yonge Street, Richmond Hill, ON L4E 4H1, Canada"
Pro International Collision Center,http://maps.google.com/?cid=15924229504021814246,43.942976,-79.4615208,"191 King Road, Richmond Hill, ON L4E 2W2, Canada"
R & L Autobody Ltd,http://maps.google.com/?cid=1372837588649078378,43.9504836,-79.4581014,"18 Elm Grove Avenue, Richmond Hill, ON L4E 2T1, Canada"
Garyray Auto Collision Ltd,http://maps.google.com/?cid=4994490148910249954,43.9845228,-79.45939,"23 Allaura Boulevard, Aurora, ON L4G 3N2, Canada"
CARSTAR Richmond Hill,http://maps.google.com/?cid=9033947828623618669,43.9536997,-79.4557036,"13367 Yonge Street, Richmond Hill, ON L4E 3L3, Canada"
Auto Paint Repairs,http://maps.google.com/?cid=3115541571843274842,43.9962458,-79.4593665,"110 Connaught Avenue, Aurora, ON L4G 1C8, Canada"
Aurora Auto Collision,http://maps.google.com/?cid=5510309528891403418,43.997323,-79.4601864,"91 Edward Street, Aurora, ON L4G 1W1, Canada"
Fix Auto Aurora,http://maps.google.com/?cid=2603450387429505161,44.001627,-79.4562722,"3 Industrial Parkway South, Aurora, ON L4G 3V9, Canada"
Eco Auto Appearance Inc.,http://maps.google.com/?cid=5172033084471902465,44.002757,-79.44972,"305 Wellington Street East, Aurora, ON L4G 6C3, Canada"
Envirocar Paint & Collision Services,http://maps.google.com/?cid=10336027655818830806,44.0080316,-79.4612321,"144 Industrial Parkway North, Aurora, ON L4G 4C3, Canada"
Aurora Collision Centre,http://maps.google.com/?cid=8005165625264164063,44.0072496,-79.3893765,"65 Ram Forest Road #4, Gormley, ON L0H 1G0, Canada"
Newmarket Collision Centre,http://maps.google.com/?cid=43546632854383763,44.0400818,-79.4612947,"301 Mulock Drive, Newmarket, ON L3Y 5W2, Canada"
Newmarket Auto Body,http://maps.google.com/?cid=3405680291457996667,44.042868,-79.4546267,"505 Kent Drive, Newmarket, ON L3Y 4Y9, Canada"
CARSTAR Newmarket,http://maps.google.com/?cid=10319229389400262385,44.0552842,-79.4718035,"180 Deerfield Road, Newmarket, ON L3Y 2L9, Canada"
Fix Auto Bradford,http://maps.google.com/?cid=3131920944450212398,44.1319958,-79.556317,"Artesian Industrial Parkway, Bradford, ON L3Z 3G3, Canada"
JKPY Auto Collision,http://maps.google.com/?cid=8496376914374305839,44.0575519,-79.423905,"1208 Gorham Street #5, Newmarket, ON L3Y 8Y9, Canada"
Maaco,http://maps.google.com/?cid=16657392420970900573,44.082855,-79.423895,"1334 Ringwell Drive, Newmarket, ON L3Y 9C7, Canada"
CSN - NORRIS SMITH,http://maps.google.com/?cid=17778225544845134772,44.2349107,-79.4605573,"130 Morton Avenue, Georgina, ON, Canada"
Ernie's Auto Collision,http://maps.google.com/?cid=4976226342169865974,44.0345354,-79.2967477,"15118 Ontario 48, Whitchurch-Stouffville, ON L4A 7X3, Canada"
AJ's Collision,http://maps.google.com/?cid=13508074459316603692,44.0580665,-79.3789458,"2985 Vivian Road, Newmarket, ON L3Y 3Z1, Canada"
Fix Auto/ Krown Georgina,http://maps.google.com/?cid=17213584344336959219,44.2208528,-79.3361632,"5401 Ravenshoe Rd, Sutton, ON L0E 1R0, Canada"
Cain's Auto Service,http://maps.google.com/?cid=16981688618307749575,44.3005495,-79.3495919,"27537 Ontario 48, Sutton West, ON L0E 1R0, Canada"
Duke Collision Centre Inc,http://maps.google.com/?cid=2054357060102025076,44.3124768,-79.2299472,"25397 Weir's Sideroad, Pefferlaw, ON L0E 1N0, Canada"
Conway Gene Autobody Repairs,http://maps.google.com/?cid=7573817741892271731,44.1089839,-79.2795027,"8429 Durham Regional Road 30, Mount Albert, ON L0G 1M0, Canada"
Brown Ron Auto Repair,http://maps.google.com/?cid=7480905436129700629,44.1147855,-79.123431,"170 Main Street North, Uxbridge, ON L9P 1M6, Canada"
Eric's Custom Auto Body,http://maps.google.com/?cid=12411963656983107578,44.0678347,-79.025628,"13951 Marsh Hill Road, Port Perry, ON L9L 1Z6, Canada"
M & R Autobody,http://maps.google.com/?cid=7440626858463111093,44.0737863,-78.9807705,"13701 Hwy 7 and 12, Port Perry, ON L9L 1B5, Canada"
Oram Nick Auto Body,http://maps.google.com/?cid=5108588863337176437,44.1027988,-78.9760756,"131 North Port Road, Port Perry, ON L9L 1B2, Canada"
CARSTAR Uxbridge,http://maps.google.com/?cid=16639256990844222729,44.0827048,-79.1511995,"545 Durham Regional Highway 47 b, Uxbridge, ON L9P 1R1, Canada"
CARSTAR Port Perry,http://maps.google.com/?cid=10029391555470054231,44.0788591,-78.9834601,"14100 Highway 12 & 7A, Port Perry, ON L9L 1B5, Canada"
M & M Coachworks,http://maps.google.com/?cid=17097695570067806659,44.1313291,-78.8283661,"3504 Regional Rd 57, Nestleton Station, ON L0B 1L0, Canada"
Brant Auto Body Ltd,http://maps.google.com/?cid=1901137918573259624,43.3252988,-79.833616,"667 Enfield Road, Burlington, ON L7T 2X9, Canada"
Touch Up In A Flash,http://maps.google.com/?cid=5197473090976916723,43.5278861,-79.8867865,"Steeles Avenue East, Milton, ON L9T 2X8, Canada"
Assured Milton,http://maps.google.com/?cid=16115185750916637108,43.530863,-79.884185,"645 Steeles Avenue East, Milton, ON L9T 5H1, Canada"
Fix Auto Milton,http://maps.google.com/?cid=5737960662567464035,43.527843,-79.868286,"885 Main Street East #7, Milton, ON L9T 5A7, Canada"
Miltowne Collision Inc.,http://maps.google.com/?cid=4174600930115927393,43.5245367,-79.8717953,"751 Main Street East, Milton, ON L9T 3Z3, Canada"
First Professional Collision & Paint Inc,http://maps.google.com/?cid=1790325307993072975,43.5234705,-79.8712885,"706 Main Street East, Milton, ON L9T 3P6, Canada"
SMART Automotive,http://maps.google.com/?cid=15428691199840190175,43.5224591,-79.8641904,"842 Nipissing Road #5, Milton, ON L9T 4Z9, Canada"
Bill's Auto Body (Royal Atlantic) Inc,http://maps.google.com/?cid=14936748125566005045,43.5209131,-79.87082,"155 Nipissing Road, Milton, ON L9T 1R3, Canada"
Bernies Auto Body Ltd,http://maps.google.com/?cid=2694231899326689955,43.3322323,-79.8218375,"1254 Plains Road East #14, Burlington, ON L7S 1W6, Canada"
Global Tech Auto Collision,http://maps.google.com/?cid=1703227428997470181,43.329627,-79.822455,"1201 Fairview Street, Unit 2, 1254 Plains Road East #12, Burlington, ON L7S 1W6, Canada"
Smit Auto Body,http://maps.google.com/?cid=3215983612330449783,43.332172,-79.812263,"1400 Grahams Lane, Burlington, ON L7S 1W3, Canada"
CARSTAR Burlington Mainway (Aro Motors),http://maps.google.com/?cid=6122294383515595387,43.3670877,-79.7994725,"3388 Mainway, Burlington, ON L7M 1A8, Canada"
Krown Rust Control / Line-X Dealer Burlington,http://maps.google.com/?cid=13317897285018849946,43.3544067,-79.8101846,"2499 Industrial Street, Burlington, ON L7P 1A6, Canada"
Mountainside Collision Centre Ltd,http://maps.google.com/?cid=3700156822051020299,43.3538271,-79.8092517,"2481 Industrial Street, Burlington, ON L7P 1A6, Canada"
Enfield Auto,http://maps.google.com/?cid=11863054004431547478,43.3596562,-79.808693,"3097 Mainway, Burlington, ON L7M 1A1, Canada"
Fix Auto Burlington,http://maps.google.com/?cid=16529291250997304065,43.3649078,-79.8020509,"3280 Mainway, Burlington, ON L7M 1A7, Canada"
CARSTAR Burlington Fairview (Aro Motors),http://maps.google.com/?cid=15979253307916646246,43.3459395,-79.8001377,"2397 Fairview Street, Burlington, ON L7R 2E3, Canada"
Assured Burlington,http://maps.google.com/?cid=13648781874132055512,43.3680008,-79.7781019,"4169 Harvester Road, Burlington, ON L7L 5M4, Canada"
Lowe's Autobody,http://maps.google.com/?cid=6250544715590993569,43.3682322,-79.7718314,"750 Darlene Crt, Burlington, ON L7L 5V1, Canada"
Lakeshore Auto Service,http://maps.google.com/?cid=389665623780007056,43.365302,-79.735475,"5238 lake Shore Road, Burlington, ON L7L 1C6, Canada"
Neil's Auto Body & Sales Ltd,http://maps.google.com/?cid=9291659548968242604,43.3749543,-79.7709871,"4431 Harvester Road, Burlington, ON L7L 4X1, Canada"
CSN CARS Auto Collision Ltd East,http://maps.google.com/?cid=11005529429234588332,43.375951,-79.769816,"4471 Harvester Road, Burlington, ON L7L 4X3, Canada"
CSN Discovery Collision Centre,http://maps.google.com/?cid=1304359159102602168,43.3788299,-79.7580631,"5135 Fairview Street, Burlington, ON L7L 4W8, Canada"
Oakville Auto Collision,http://maps.google.com/?cid=13567512745655067203,43.410281,-79.7325316,"2416 Wyecroft Road #16, Oakville, ON L6L 6M6, Canada"
Argus Automotive Ltd,http://maps.google.com/?cid=6717263587240789713,43.4336153,-79.7096281,"1092 South Service Road West, Oakville, ON L6L 6J7, Canada"
Drago's Auto Body,http://maps.google.com/?cid=2947052123991737051,43.4113022,-79.7313174,"2366 Wyecroft Road, Oakville, ON L6L 6M1, Canada"
Automodular Inc,http://maps.google.com/?cid=12817535767805190824,43.4138805,-79.7230806,"2189 Speers Road, Oakville, ON L6L 2X9, Canada"
CARSTAR Oakville West,http://maps.google.com/?cid=10132865501726823454,43.4157975,-79.7271911,"2212 Wyecroft Road, Oakville, ON L6L 6R1, Canada"
Complete Auto Body & Collision,http://maps.google.com/?cid=4797716982310428836,43.4295758,-79.7070472,"1149 Speers Road, Oakville, ON L6L 2X5, Canada"
Ace Auto Collision,http://maps.google.com/?cid=6854587540794418796,43.430893,-79.705467,"1099 Speers Road, Oakville, ON L6L 2X5, Canada"
Automacs Collision Inc.,http://maps.google.com/?cid=5353629387293525236,43.4313486,-79.7054674,"1091 Speers Road, Oakville, ON L6L 2X5, Canada"
Action Collision Service,http://maps.google.com/?cid=6001155068285471109,43.4317776,-79.7050443,"1079 Speers Road, Oakville, ON L6L 2X5, Canada"
Body Pro Buff & Polish,http://maps.google.com/?cid=5443407221919336355,43.4344385,-79.702485,"667 Fourth Line Unit 3/4, Oakville, ON L6L 5B5, Canada"
Cross Avenue Auto,http://maps.google.com/?cid=3790539453577757814,43.4397649,-79.7062021,"460 South Service Rd W, Oakville, ON L6K 2H7, Canada"
Park Auto Body and Restoration,http://maps.google.com/?cid=3553281386018671736,43.4389638,-79.6971726,"427 Speers Road #10, Oakville, ON L6K 3S8, Canada"
3D Collision,http://maps.google.com/?cid=8335478919638661355,43.4429717,-79.6992373,"294 Wyecroft Road, Oakville, ON L6K 2G7, Canada"
Autoworks,http://maps.google.com/?cid=9052461602494154453,43.443157,-79.699433,"2G7, 294 Wyecroft Road, Oakville, ON L6K, Canada"
Fix Auto Oakville Central,http://maps.google.com/?cid=5725012513174456211,43.4441135,-79.699466,"281 Wyecroft Road, Oakville, ON L6K 2H2, Canada"
A4 Motors Auto Body Repair Shop,http://maps.google.com/?cid=5501572393332064686,43.4427005,-79.6925328,"291 Speers Road #3, Oakville, ON L6K 2G1, Canada"
VL Motion Systems Inc,http://maps.google.com/?cid=14434323942887009753,43.4468747,-79.6921635,"212 Wyecroft Rd, Oakville, ON L6K 3T9, Canada"
Mercedes-Benz Oakville Body Shop,http://maps.google.com/?cid=5922285026361793244,43.4488807,-79.695715,"191 Wyecroft Road, Oakville, ON L6K 3S3, Canada"
Assured Oakville,http://maps.google.com/?cid=17643764456861867897,43.460847,-79.681049,"359 Davis Road, Oakville, ON L6J 2X2, Canada"
Auto Body Clinic,http://maps.google.com/?cid=14879683540456153855,43.4952457,-79.6465165,"2508 Royal Windsor Dr, Oakville, ON L6J 7Y3, Canada"
Royal Synergies Collision Centre,http://maps.google.com/?cid=1233849067303100629,43.4907682,-79.6511331,"2336 Royal Windsor Drive, Oakville, ON L6J 7Y1, Canada"
Royal Windsor Collision Centre,http://maps.google.com/?cid=2569785647713108159,43.488772,-79.654309,"2247 Royal Windsor Drive, Oakville, ON L6J 7X8, Canada"
Royal Atlantic Collision Centre,http://maps.google.com/?cid=8573951256993893975,43.4907402,-79.650874,"2336 Royal Windsor Dr, Oakville, ON L6J 4Z2, Canada"
CARSTAR Oakville East,http://maps.google.com/?cid=13827497734718470715,43.4948366,-79.6448777,"916 Winston Churchill Boulevard, Oakville, ON L6J 7X5, Canada"
CARSTAR,http://maps.google.com/?cid=16443100536379886799,43.5725627,-79.6535953,"3575 Hawkestone Road, Mississauga, ON L5C 2V1, Canada"
One World Auto Service,http://maps.google.com/?cid=18271582511584050054,43.5725428,-79.6525607,"3557 Hawkestone Road, Mississauga, ON L5C 2V1, Canada"
Frank's Auto Service,http://maps.google.com/?cid=17310209295623128042,43.5673658,-79.6412357,"3197 Wolfedale Road, Mississauga, ON L5C 1V8, Canada"
S.K. Auto Collision,http://maps.google.com/?cid=13462677360470081616,43.5702365,-79.647095,"3390 Wolfedale Road, Mississauga, ON L5C 1W4, Canada"
A 1 Mississauga Auto Collision,http://maps.google.com/?cid=5426625248107156742,43.5710376,-79.6509078,"875 Central Parkway West, Mississauga, ON L5C 2V9, Canada"
Number 1 Mississauga Auto Collision,http://maps.google.com/?cid=11361796094863464048,43.5716665,-79.6422424,"3300 Mavis Road, Mississauga, ON L5C 1T8, Canada"
Kerr's Auto Body & Repair,http://maps.google.com/?cid=13119059099868661244,43.5725677,-79.6434342,"3364 Mavis Road #5, Mississauga, ON L5C 1T8, Canada"
Fix Auto Streetsville,http://maps.google.com/?cid=7762439315633354790,43.577853,-79.715721,"Unit #12, 66 Thomas Street, Mississauga, ON L5M 2P3, Canada"
Patricio Auto Collision & Sales Inc,http://maps.google.com/?cid=11900562153007827863,43.528217,-79.680363,"3090 Woodchester Drive #4b, Mississauga, ON L5L 1W9, Canada"
CARSTAR Express Mississauga Dundas,http://maps.google.com/?cid=10717965868400310877,43.5315229,-79.6715606,"2292B Dundas Street West, Mississauga, ON L5K 1R5, Canada"
Assured Mississauga City Centre,http://maps.google.com/?cid=1759971351700044364,43.571587,-79.652686,"3535 Hawkestone Road, Mississauga, ON L5C 2V1, Canada"
Fix Auto Mississauga Central,http://maps.google.com/?cid=13487488703377080592,43.5715276,-79.6498929,"839 Central Parkway West, Mississauga, ON L5C 2V9, Canada"
Lyons Auto Body Ltd,http://maps.google.com/?cid=11800830021344021324,43.572598,-79.659335,"1020 Burnhamthorpe Road West, Mississauga, ON L5C 2S4, Canada"
Reliance Collision Center,http://maps.google.com/?cid=16800121606315901924,43.6278177,-79.6366649,"5138 Everest Drive, Mississauga, ON L4W 2R4, Canada"
Latino Auto Service,http://maps.google.com/?cid=5307765166162583844,43.5763924,-79.6214568,"189 Dundas Street West, Mississauga, ON L5B 1H8, Canada"
Carmen's Auto Service,http://maps.google.com/?cid=9260296004155522365,43.566035,-79.569833,"498 Lakeshore Road East, Mississauga, ON L5G 1J1, Canada"
Sal's Auto Service Centre Ltd,http://maps.google.com/?cid=1566895530755756444,43.5789531,-79.5871684,"526 South Service Road, Mississauga, ON L5G 2S6, Canada"
Hensall Auto,http://maps.google.com/?cid=4129061164835696766,43.590796,-79.605212,"469 Hensall Cir, Mississauga, ON L5A 3P4, Canada"
Haines Auto,http://maps.google.com/?cid=7658043873997465990,43.5924089,-79.5904885,"2364 Haines Road, Mississauga, ON L4Y 1Y6, Canada"
Seneca Auto Body,http://maps.google.com/?cid=329796128809007448,43.5643063,-79.5775969,"1109 Seneca Avenue, Mississauga, ON L5G 3X8, Canada"
Imperial Lakeview Autobody Inc,http://maps.google.com/?cid=16839332243436195800,43.5767095,-79.564205,"1104 Alexandra Avenue, Mississauga, ON L5E 2A2, Canada"
Hawley Collision Centre,http://maps.google.com/?cid=6615969171678734811,43.5929239,-79.598318,"2526 Cawthra Road, Mississauga, ON L5A 3P2, Canada"
Assured Mississauga East,http://maps.google.com/?cid=8680005957754855460,43.635222,-79.633674,"5359 Maingate Drive, Mississauga, ON L4W 1G6, Canada"
Fix Auto Mississauga East,http://maps.google.com/?cid=10330742645812944373,43.6305209,-79.6216913,"1220 Crestlawn Drive, Mississauga, ON L4W 1A6, Canada"
403 Auto,http://maps.google.com/?cid=9274620423034847402,43.6299891,-79.6227512,"1190 Crest Lawn Drive, Mississauga, ON L4W 1A6, Canada"
Fewster Auto Body,http://maps.google.com/?cid=15185168602884882322,43.6275633,-79.6199503,"1180 Fewster Drive, Mississauga, ON L4W 1A1, Canada"
Auto Magicians,http://maps.google.com/?cid=14087031059633775049,43.6069577,-79.5854017,"1310 Dundas Street East, Mississauga, ON L4Y 2C1, Canada"
Jay's Auto Collision,http://maps.google.com/?cid=15133334796859641096,43.6043231,-79.5281646,"16 Belvia Road, Etobicoke, ON M8W 3R3, Canada"
OK Autobody Repairs,http://maps.google.com/?cid=6058312527487811068,43.6051008,-79.5206764,"3 Towns Road, Etobicoke, ON M8Z 1A1, Canada"
Fix Auto Lakeshore,http://maps.google.com/?cid=15500979625167845313,43.6042189,-79.5171659,"143 Sixteenth Street, Etobicoke, ON M8V 3J9, Canada"
Alps Auto Repair Inc,http://maps.google.com/?cid=15545646510025063392,43.6130146,-79.4985821,"14 Drummond Street, Etobicoke, ON M8V 1Y8, Canada"
427 Auto Collision,http://maps.google.com/?cid=15278573733620008296,43.615665,-79.526735,"395 Evans Avenue, Etobicoke, ON M8Z 1K8, Canada"
Hofman Motors and Collision Services,http://maps.google.com/?cid=4488967080970068432,43.638778,-79.530679,"346 Munster Avenue, Etobicoke, ON M8Z 3C5, Canada"
Maaco Collision Repair & Auto Painting,http://maps.google.com/?cid=1279650509776966385,43.6353974,-79.5299144,"120 Judge Road, Etobicoke, ON M8Z 5B7, Canada"
Luxury Auto Body & Collission,http://maps.google.com/?cid=12295075629068536491,43.6378121,-79.5238441,"26 Chauncey Avenue, Etobicoke, ON M8Z 2Z4, Canada"
Ali's Auto Body and Auto Sales,http://maps.google.com/?cid=2756587696921025828,43.6416197,-79.5288608,"38 Fieldway Road, Etobicoke, ON M8Z 6C9, Canada"
Progress Auto Collision Five Star Ltd,http://maps.google.com/?cid=13261064080532447022,43.6810228,-79.4758814,"393 Weston Road, York, ON M6N 3P7, Canada"
A. J. Auto Collision,http://maps.google.com/?cid=5859867223260813980,43.6667231,-79.458999,"34 Cariboo Avenue, Toronto, ON M6P 3T6, Canada"
"Custom Coaches Inc. Custom, Luxury & Exotic Collision Service",http://maps.google.com/?cid=16733237520841552253,43.6692471,-79.4603592,"78 Miller Street Located in the Heart of Toronto's Junction District One Block East of Old Weston Rd, South of, Davenport Road, Toronto, ON M6N 2Z9, Canada"
Assured Leaside,http://maps.google.com/?cid=520109472421537117,43.711604,-79.359118,"90 Wicksteed Avenue, East York, ON M4G 2B5, Canada"
Assured Yorkdale,http://maps.google.com/?cid=5614076587211815591,43.717293,-79.468296,"1188 Caledonia Road, North York, ON M6A 2X1, Canada"
CARSTAR Toronto St. Clair,http://maps.google.com/?cid=7368769492120486901,43.6684984,-79.4864067,"2528 Saint Clair Avenue West, York, ON M6N 1L6, Canada"
Besi Auto Collision,http://maps.google.com/?cid=14470794677916847591,43.6565328,-79.4481614,"77 Perth Avenue, Toronto, ON M6R 2C1, Canada"
Assured Toronto King West,http://maps.google.com/?cid=5623244397474466851,43.6433915,-79.4128166,"876 Adelaide Street West, Toronto, ON M6J 1B7, Canada"
East York Autobody & Collision Centre,http://maps.google.com/?cid=8826603156526579997,43.6528915,-79.3718058,"190 Richmond Street East, Toronto, ON M5A 1P1, Canada"
Assured Downtown Toronto,http://maps.google.com/?cid=8640989295078710396,43.653497,-79.359462,"32 Eastern Avenue, Toronto, ON M5A 1H5, Canada"
Assured Toronto West,http://maps.google.com/?cid=15184481782648960720,43.670795,-79.46665,"561 Keele Street, Toronto, ON M6N 3G4, Canada"
Collosus Auto Collision,http://maps.google.com/?cid=4376531467214263686,43.6730567,-79.4632088,"330 Old Weston Road, Toronto, ON M6N 3A4, Canada"
All-Car Auto Body,http://maps.google.com/?cid=16533341398103556334,43.7011429,-79.5135508,"2 Rosemount Avenue #18, York, ON M9N 3B3, Canada"
Hero Auto Body,http://maps.google.com/?cid=4536881121216069496,43.6820739,-79.4747453,"640 Rogers Rd, York, ON M6M 1C1, Canada"
Matrixx Auto Collision,http://maps.google.com/?cid=2954745090256668223,43.6830396,-79.4562378,"291 Rogers Road, York, ON M6E 1R2, Canada"
Pamir Auto Body & Repair,http://maps.google.com/?cid=4428059736143224531,43.6835935,-79.4809276,"915 Weston Road, York, ON M6N 3R4, Canada"
Rogers Road Auto Body,http://maps.google.com/?cid=16477176502420532521,43.6844365,-79.4499641,"189 Rogers Road, York, ON M6E 1P9, Canada"
Forest Hill Auto Body,http://maps.google.com/?cid=9376943873908203427,43.7059699,-79.4525697,"2829 Dufferin Street, North York, ON M6B 3R9, Canada"
CARSTAR Toronto Dovercourt,http://maps.google.com/?cid=3899883709960271966,43.6725894,-79.4343619,"1172 Dovercourt Road, Toronto, ON M6H 2X9, Canada"
Dupont Auto Collision Ltd,http://maps.google.com/?cid=17057301987511179926,43.6708571,-79.4259652,"810 Dupont Street, Toronto, ON M6G 1Z6, Canada"
Paul's Collision & Auto Body,http://maps.google.com/?cid=17665320793866594435,43.6976016,-79.3882813,"267 Merton Street, Toronto, ON M4S 1A7, Canada"
CARSTAR Express Toronto Eastern Avenue,http://maps.google.com/?cid=12583679535472067662,43.6567323,-79.3480672,"344 Eastern Avenue Unit 1, Toronto, ON M4M 3G5, Canada"
ABC Auto Body,http://maps.google.com/?cid=10784518792034848407,43.6673006,-79.3438026,"845 Gerrard Street East, Toronto, ON M4M 1Y7, Canada"
Central Auto Body,http://maps.google.com/?cid=18322988786020622888,43.6588998,-79.3365993,"Eastern Avenue, Toronto, ON M4L 1A2, Canada"
Reliable Auto Body,http://maps.google.com/?cid=14066500205392614882,43.6640406,-79.3261931,"1345 Queen Street East, Toronto, ON M4L 1C6, Canada"
Bill's Midway Auto Body,http://maps.google.com/?cid=5492913530082162094,43.6852874,-79.3468902,"919 Pape Avenue, East York, ON M4K 3V3, Canada"
Number 9 Auto Body,http://maps.google.com/?cid=5814429185744999928,43.705134,-79.3574833,"10 Canvarco Road, East York, ON M4G 1L3, Canada"
Ram Autobody,http://maps.google.com/?cid=14530509567973991518,43.6869896,-79.2896765,"3 Musgrave Street, Toronto, ON M4E 2H3, Canada"
Universal Auto Repair & Body,http://maps.google.com/?cid=1174900384613368269,43.6924147,-79.2843992,"3180 Danforth Avenue, Scarborough, ON M1L 1B4, Canada"
Autotronix Collision Repair and Alignment Center,http://maps.google.com/?cid=9990748547306843654,43.6929141,-79.2817937,"3254 Danforth Avenue, Scarborough, ON M1L, Canada"
East Auto Body,http://maps.google.com/?cid=2838669771916452069,43.70198,-79.2979066,"13 Gower Street, East York, ON M4B 1E3, Canada"
G & A Autobody Ltd,http://maps.google.com/?cid=15222155345034083918,43.7143191,-79.261473,"614 Danforth Rd, Scarborough, ON M1K 1E9, Canada"
Autotrin Auto body Repairs & Painting,http://maps.google.com/?cid=9083507722535948653,43.7243564,-79.285678,"777 Warden Ave Unit 16, Scarborough, ON M1L 4C3, Canada"
New Civic Auto Body,http://maps.google.com/?cid=1945362010325864113,43.7267991,-79.285678,"17 Civic Road, Scarborough, ON M1L 2K6, Canada"
M & M Auto Body Repair & Collision Centre,http://maps.google.com/?cid=18288411753189641551,43.7052263,-79.2524461,"2270 Kingston Rd, Scarborough, ON M1N 1T9, Canada"
Don Valley Auto Collision,http://maps.google.com/?cid=15117960997534705091,43.7248433,-79.3150214,"15 Mobile Drive, North York, ON M4A 1H5, Canada"
Paragon Auto Repair,http://maps.google.com/?cid=9584890091605684133,43.7130907,-79.3137008,"43 Hollinger Road, Toronto, ON M4B, Canada"
Main Auto Body Ltd,http://maps.google.com/?cid=1981027441760779095,43.7191556,-79.3007114,"1408 Victoria Park Avenue, North York, ON M4A 2L8, Canada"
Golden Mile Auto Collision,http://maps.google.com/?cid=9868326393147905988,43.7197846,-79.2917734,"31 Comstock Rd, Scarborough, ON M1L 2G6, Canada"
Fix Auto Scarborough South,http://maps.google.com/?cid=13431140007420495784,43.7139348,-79.2463172,"2660 Kingston Road, Scarborough, ON M1M 1L6, Canada"
Gormley Auto Body,http://maps.google.com/?cid=3726748434838642050,43.7216389,-79.253898,"15 Granger Avenue, Scarborough, ON M1K 3K9, Canada"
Fix Auto Scarborough West,http://maps.google.com/?cid=10681210648775485819,43.7333021,-79.2877926,"11 Bertrand Avenue, Scarborough, ON M1L 2P3, Canada"
T Dot Auto Collision - Scarborough Auto Collision & Auto Accident Repair,http://maps.google.com/?cid=3631388285758800931,43.7344589,-79.2802197,"1064 Birchmount Road, Scarborough, ON M1K 1S4, Canada"
Unibody & Frame Centre,http://maps.google.com/?cid=6876963752603273652,43.7362514,-79.2809916,"1110 Birchmount Road #7, Scarborough, ON M1K 5G7, Canada"
Assured Scarborough West,http://maps.google.com/?cid=8458389038669287741,43.762329,-79.300067,"20 Continental Place, Scarborough, ON M1R 4Z8, Canada"
Carbon auto,http://maps.google.com/?cid=2173995680266582541,43.7580373,-79.2911143,"1510 Birchmount Road, Scarborough, ON M1P 2G6, Canada"
Assured Scarborough Centre,http://maps.google.com/?cid=16851696404914528058,43.756984,-79.269137,"195 Midwest Road, Scarborough, ON M1P 3A6, Canada"
M&D Auto Body Shop,http://maps.google.com/?cid=18224107637142119666,43.7582986,-79.271526,"260 Midwest Road, Scarborough, ON M1P 3A9, Canada"
Pro Tech Auto & Body,http://maps.google.com/?cid=5105491626130735952,43.7589122,-79.2705553,"260 Midwest Road #3, Toronto, ON M1P 3B4, Canada"
A N T Auto Body,http://maps.google.com/?cid=5657130315033607494,43.77226,-79.269451,"35 Cosentino Dr, Scarborough, ON M1P 3A3, Canada"
Impera Body & Paint Shop,http://maps.google.com/?cid=2488614041847458784,43.7567387,-79.2768627,"1251 Kennedy Road, Scarborough, ON M1P 2L4, Canada"
Formula Auto Body,http://maps.google.com/?cid=16483780850416320364,43.7436028,-79.2902625,"100 Crockford Boulevard, Scarborough, ON M1R 3C3, Canada"
Collision Auto Center,http://maps.google.com/?cid=5783863656296878705,43.7585556,-79.2704895,"260 Midwest Road, Scarborough, ON M1P 3B4, Canada"
MacGyver Auto Body & Collision,http://maps.google.com/?cid=3010526939888073629,43.8083956,-79.2908942,"3360 Midland Avenue, Scarborough, ON M1V 4V7, Canada"
CARSTAR Scarborough North East,http://maps.google.com/?cid=7883377947496341455,43.8314795,-79.2566082,"121 Select Avenue, Scarborough, ON M1V 4A5, Canada"
Fix Auto Scarborough East Rouge,http://maps.google.com/?cid=11987710876113525019,43.7998156,-79.1924014,"898 Milner Avenue, Scarborough, ON M1B 5N7, Canada"
Extreme Auto Image,http://maps.google.com/?cid=3671070040101606083,43.7824394,-79.1698882,"27 Morrish Road, Scarborough, ON M1C 1E6, Canada"
Sham Auto Body,http://maps.google.com/?cid=15466821359122365687,43.7845772,-79.1687128,"6096 Kingston Road, Scarborough, ON M1C 1K6, Canada"
CARSTAR Scarborough South,http://maps.google.com/?cid=9859334816650617112,43.7848129,-79.1675475,"6149 Kingston Road N, Scarborough, ON M1C 1K7, Canada"
C K Collision Centre,http://maps.google.com/?cid=3364753283582384863,43.7933274,-79.1536018,"514 Centennial Rd N, Scarborough, ON M1C 2A6, Canada"
Royal Auto Body,http://maps.google.com/?cid=17378352543896479906,43.8306055,-79.0739619,"971 Alliance Road, Pickering, ON L1W 3M8, Canada"
Fix Auto Pickering Central,http://maps.google.com/?cid=7184295348883943389,43.820198,-79.1119698,"715 Kingston Road, Pickering, ON L1V 1A9, Canada"
Carriage Of Durham Inc.,http://maps.google.com/?cid=902642423814031108,43.8301149,-79.0736058,"955 Alliance Road, Pickering, ON L1W 3M8, Canada"
JD Auto Collision,http://maps.google.com/?cid=9657216098487130847,43.8227103,-79.0636556,"860 Brock Road #22, Pickering, ON L1W 3X3, Canada"
Frank Smyth Auto Body,http://maps.google.com/?cid=7237849535693966805,43.8229188,-79.0640682,"860 Brock Road, Pickering, ON L1W 3X3, Canada"
Alliance Collision Ltd,http://maps.google.com/?cid=5983322794763719368,43.8297361,-79.0690027,"961 Dillingham Road, Pickering, ON L1W 1Z7, Canada"
Mike's Auto Collision Inc,http://maps.google.com/?cid=12307232536510491902,43.8356817,-79.0654737,"1035 Toy Ave, Pickering, ON L1W 3N9, Canada"
CARSTAR Ajax,http://maps.google.com/?cid=15665472524913250896,43.8444978,-79.061982,"1968 Notion Road, Ajax, ON L1V 2G3, Canada"
Notion Auto Body,http://maps.google.com/?cid=7085282761266285381,43.8496583,-79.0647488,"1954 Notion, Pickering, ON L1V 2G3, Canada"
Ontario Collision Centre Inc.,http://maps.google.com/?cid=5883860026916243309,43.8345637,-79.0326501,"170 Fuller Road Unit 13, Ajax, ON L1S 7G8, Canada"
Ajax Collision Centre,http://maps.google.com/?cid=4682683375520298737,43.843182,-79.035481,"221 Westney Road South, Ajax, ON L1S 2C9, Canada"
F & S Auto Body,http://maps.google.com/?cid=12549560203693667267,43.8468402,-79.0348398,"99 McMaster Avenue, Ajax, ON L1S 2E6, Canada"
Three Bears Autobody Inc,http://maps.google.com/?cid=14974504337656234678,43.8441803,-79.0260584,"282 Monarch Avenue, Ajax, ON L1S 2G6, Canada"
Fix Auto Ajax Central,http://maps.google.com/?cid=11953838263581662767,43.840595,-79.025137,"370 Monarch Avenue, Ajax, ON L1S 3W5, Canada"
Lakeridge Collision Center,http://maps.google.com/?cid=18408622521551481002,43.8524743,-78.9782746,"1795 Victoria Street West, Whitby, ON L1P 2B3, Canada"
Jensen Auto Collision Inc,http://maps.google.com/?cid=13858573847369588470,43.8809536,-78.9392273,"105 Ash Street, Whitby, ON L1N 2H8, Canada"
Mercury Auto Body,http://maps.google.com/?cid=490945448305064439,43.8847731,-78.9413002,"324 Ash Street, Whitby, ON L1N 4B3, Canada"
MycRush Auto,http://maps.google.com/?cid=11123932115582047435,43.8827245,-78.9380428,"405 Mary Street East, Whitby, ON L1N 2P9, Canada"
B & N Auto Body Ltd,http://maps.google.com/?cid=14488022928852751600,43.886516,-78.944431,"519 Brock Street North, Whitby, ON L1N 4J1, Canada"
Fix Auto Whitby,http://maps.google.com/?cid=1263911163085996692,43.8838438,-78.9214159,"1201 Dundas Street East, Whitby, ON L1N 2K6, Canada"
Boss Auto Body,http://maps.google.com/?cid=15075666128945852228,43.8790391,-78.9194913,"315 Hopkins Street, Whitby, ON L1N 2C1, Canada"
CARSTAR Oshawa King Street,http://maps.google.com/?cid=16623311759566328654,43.8902365,-78.8934612,"815 King Street West, Oshawa, ON L1J 2L4, Canada"
Gannon's Auto Body Ltd,http://maps.google.com/?cid=3706014405065740329,43.8771419,-78.8682097,"335 Bloor Street West, Oshawa, ON L1J 1R1, Canada"
Fix Auto Oshawa-Courtice,http://maps.google.com/?cid=11450289300058613542,43.8751808,-78.8375903,"970 Nelson Street, Oshawa, ON L1H 8L6, Canada"
CARSTAR Oshawa Drake Street,http://maps.google.com/?cid=9672056268436606326,43.8830589,-78.8329292,"660 Drake Street, Oshawa, ON L1H 6L3, Canada"
Ritson Collision Centre,http://maps.google.com/?cid=455960995815877102,43.909101,-78.8584225,"352 Ritson Road North, Oshawa, ON L1G 5P9, Canada"
Don Butt Auto Body Inc CSN,http://maps.google.com/?cid=1252270442242275658,43.930152,-78.881573,"86 Russett Avenue, Oshawa, ON L1G 3R5, Canada"
Fix Auto Oshawa North,http://maps.google.com/?cid=7420512266667560328,43.9305829,-78.8797516,"40 Russett Avenue, Oshawa, ON L1G 3R5, Canada"
CARSTAR Express Oshawa,http://maps.google.com/?cid=17142656586260926568,43.9369788,-78.8632482,"444 Taunton Rd E, Oshawa, ON L1H 7K4, Canada"
Domitrovic Joe Auto Body,http://maps.google.com/?cid=7864000859768238640,43.9342444,-78.7879768,"3872 Courtice Rd, Courtice, ON L1E 2L5, Canada"
J & M Restorations,http://maps.google.com/?cid=12810588195437352482,43.900297,-78.670347,"248 Simpson Avenue, Bowmanville, ON L1C, Canada"
CK Collision Centres Bowmanville,http://maps.google.com/?cid=11888424633455383112,43.901524,-78.6646097,"83 Mearns Court, Bowmanville, ON L1C 4N4, Canada"
Fred's Autobody Ltd,http://maps.google.com/?cid=12484144462085225386,43.9023158,-78.6695685,"163 Baseline Road East, Bowmanville, ON L1C 3L4, Canada"
Pat's Body & Paint,http://maps.google.com/?cid=14294528978639292250,43.9072733,-78.5935172,"400 Toronto Street, Newcastle, ON L1B 1C2, Canada"
